gid_nba,game_date,xid_possession,xid_chance,team_nba_off,team_nba_def,period,gameClock_start,gameClock_end,startType,outcome,score_margin,ptsScored_team,shot_fga,shot_fg,shot_fga3,shot_fg3,shot_qSP,shot_m_region,fouls_def,fouls_def_shooting,fta,fta_shooting,team_nba_winner
0022101142,2022-03-30,d8d49b51-569b-50a1-b94c-4e2b3e322488,7017dee0-2b75-5b2c-9bea-12b889fb1593,HOU,SAC,4,9.4,0,SLOB,FGX3,-3,0,1,0,1,0,43.6549765105,Corner,null,null,null,null,SAC
0022100500,2021-12-26,e21fdb4f-0773-5256-8fcc-b6e11a6f1c93,f37908ef-de6b-52ac-b74f-2b4fe032c125,LAC,DEN,4,12.7,0.36,FTLINE,FGX3,-3,0,1,0,1,0,17.2291627107,ATB,null,null,null,null,DEN
0022100268,2021-11-24,5a773801-7051-5b20-b8f2-74d253aa2b7d,9d6411c0-3712-5296-9568-a9a327b47c03,IND,LAL,4,22.64,7.22,FTM,FGM3,-3,3,1,1,1,1,34.0139320056,Corner,null,null,null,null,LAL
0022100968,2022-03-07,e26f1715-ba63-5f85-bdcf-12b0db460468,87395be9-c9bd-5945-b631-960b7dcd82f1,ATL,DET,5,2.16,0,FGORB,FGX3,-3,0,1,0,1,0,53.2758602986,ATB,null,null,null,null,DET
0022101014,2022-03-13,9a0c070f-eff6-52b1-bbef-eeccf4b2ad03,04f3b5cb-bb0f-5138-b51e-de84e693c949,BOS,DAL,4,9,4.98,SLOB,FGX3,-3,0,1,0,1,0,31.6671147101,ATB,null,null,null,null,DAL
0022101145,2022-03-30,f8659a48-3ce9-5f8f-9e66-483b2f7dcacb,aa45b075-125b-5818-8029-1d6e0cfd8764,GSW,PHX,4,13.1,12.48,SLOB,FOU_B,-3,2,null,null,null,null,null,null,1,0,2,0,PHX
0022100853,2022-02-12,75a5fdab-c60a-5fa6-aaee-1c353293f0d6,6eb7d602-fc86-5921-ab79-66ef8f0f15b7,DAL,LAC,4,21.22,8.06,FGDRB,FGM,-3,2,1,1,0,0,65.5586663799,NRA,null,null,null,null,LAC
0022100489,2021-12-25,2093067e-95bc-589f-b2bf-ee8c990aabaf,53f431cd-c5a1-5d3f-8b47-4c7b8365c770,BOS,MIL,4,17.8,7.34,FTM,FGX,-3,0,1,0,0,0,67.4293700371,RA,null,null,null,null,MIL
0022101014,2022-03-13,9a0c070f-eff6-52b1-bbef-eeccf4b2ad03,ee73f659-91eb-5ee6-b1aa-d2c323468452,BOS,DAL,4,3.5,0,SLOB,FGX3,-3,0,1,0,1,0,30.2803941071,ATB,null,null,null,null,DAL
0022101051,2022-03-18,dfaa85ce-a45b-5f5e-b1e4-c304a44765fe,faa7d9fc-5e60-56bc-aae3-32f22a9f1d65,LAL,TOR,4,8.68,0.44,TO,FGM3,-3,3,1,1,1,1,27.8303776467,ATB,null,null,null,null,LAL
0022101079,2022-03-21,c14fd5e3-4b66-53f4-b495-cbe203231d60,8ac485c6-9cbf-5a75-a938-4040a1e5451f,MIN,DAL,4,10.3,6.56,SLOB,FOU_B,-3,0,null,null,null,null,null,null,1,0,2,0,DAL
0022101003,2022-03-11,573dda34-95dd-53e2-8ddb-5c5a30edb716,7d4e4542-2bdd-523b-bbb8-d638f69d2eac,PHX,TOR,4,17.5,13.4,SLOB,FGX3,-3,0,1,0,1,0,46.077128314,ATB,null,null,null,null,TOR
0022101066,2022-03-20,f721ee12-437b-5351-8bbc-19fc02047e8d,f5a2b43c-bd52-57f6-b89b-cc22ec9c9415,SAC,PHX,5,17.1,15.16,FTM,FOU_B,-3,1,null,null,null,null,null,null,1,0,2,0,PHX
0022100510,2021-12-28,9cb012b0-cdbf-5bb4-8dd1-f5729585069e,4f57ee1a-d98c-5a7a-b85b-c57ffe0b21bc,TOR,PHI,4,16.8,6.7,FTM,TO,-3,0,null,null,null,null,null,null,null,null,null,null,PHI
0022100267,2021-11-24,7e8f261a-22e9-542b-aa94-08bde34a79b6,db2a3a60-8cd3-5772-9268-3b481f8244f1,CLE,PHX,4,17.96,12.64,FGORB,FGX3,-3,0,1,0,1,0,44.8958345203,Corner,null,null,null,null,PHX
0022100363,2021-12-07,73f48d49-96d1-56c6-8880-370c241ab2c1,71434749-141e-5f4a-91e2-c1ba1e4b78cf,DAL,BKN,4,20,14.9,SLOB,FGX3,-3,0,1,0,1,0,38.2590003991,ATB,null,null,null,null,BKN
0022100904,2022-02-25,4f022045-1cef-5f76-9b1b-bc2b24e8c75e,65b24598-07a4-52b5-a2c2-d09162cd02dd,LAL,LAC,4,0.7,0,SLOB,FGX3,-3,0,1,0,1,0,36.1209266918,Corner,null,null,null,null,LAC
0022100946,2022-03-04,c87b2c60-909d-55f6-963d-dd2593f050ac,f1120dca-38b4-5878-8ee3-42d3f71d44e7,IND,DET,4,19.1,11.36,SLOB,FGX3,-3,0,1,0,1,0,58.0013899441,Corner,null,null,null,null,DET
0022100935,2022-03-02,64a789ad-bbbe-5232-81ac-50812124d1f4,07a4d515-f58e-5696-b23d-2369efb5c9aa,HOU,UTA,4,8.3,0,SLOB,FGM3,-3,3,1,1,1,1,40.1705110888,ATB,null,null,null,null,UTA
0022100926,2022-03-01,a4172015-7ffe-5154-8bdd-43a64771456f,741aa326-f40a-586a-9cef-31d343b5ba7d,DET,WAS,4,5.98,0,FGORB,FGX3,-3,0,1,0,1,0,27.4858679366,ATB,null,null,null,null,WAS
0022100721,2022-01-25,c61365c5-2d9e-59f6-a407-c1c7aa4ffd11,abc1e2ed-fc5d-5313-9f1d-233ec14667c5,POR,MIN,4,17.74,10.24,FTDRB,FGM3,-3,3,1,1,1,1,43.1121993678,ATB,null,null,null,null,MIN
0022100081,2021-10-30,25a7778e-fe07-51ab-a021-5f57e735185f,5bdd8e99-bbba-51fa-8e5c-8dfba36164e8,IND,TOR,4,6.2,2.5,FTM,FOU_N,-3,0,null,null,null,null,null,null,1,0,null,null,TOR
0022100266,2021-11-23,337de6b8-e365-53be-8931-e6a1d491f4a6,4497f8be-4267-5819-a542-524de6d583c3,LAC,DAL,4,1.1,0,SLOB,FGM3,-3,3,1,1,1,1,42.0088247266,Corner,null,null,null,null,DAL
0022100167,2021-11-10,9b27bcca-3a84-5623-b3c0-a8658a433cee,f2542dd0-82b6-556d-80de-848abbae4822,IND,DEN,4,2,0,SLOB,FGX3,-3,0,null,null,null,null,null,null,null,null,null,null,DEN
0022100108,2021-11-03,7163d53d-b25d-56ff-a8c9-443bca9afb96,969eae11-37f4-5d8e-9a01-b8f6610b9a02,POR,CLE,4,9.7,0.64,SLOB,FGX3,-3,0,1,0,1,0,46.5100698795,Corner,null,null,null,null,CLE
0022100420,2021-12-15,2baec2de-be6d-50e9-ad66-93c23387f68d,2fa15116-6445-5dd4-9f3e-33902cb516a0,DAL,LAL,5,23.5,15.28,SLOB,FGM3,-3,3,1,1,1,1,39.9339967003,ATB,null,null,null,null,LAL
0022100926,2022-03-01,a4172015-7ffe-5154-8bdd-43a64771456f,9a321afc-e0a6-5415-b803-c3fd886379d7,DET,WAS,4,15.64,5.98,SLOB,FGX,-3,0,1,0,0,0,35.7173370209,Mid,null,null,null,null,WAS
0022100419,2021-12-15,7ab7dc2c-1c6a-547c-abb4-c26675f95a9a,7a580f87-56c6-5a18-9314-f3fa2f7947fe,PHI,MIA,4,6.7,1.28,SLOB,FGX3,-3,0,1,0,1,0,34.4808048778,ATB,null,null,null,null,MIA
0022100897,2022-02-25,98b9eedb-7c2a-5430-9e74-0ad0f74a53e1,918330b7-5906-539b-81b0-83cef56297c2,IND,OKC,5,20.7,11.28,SLOB,FGX3,-3,0,1,0,1,0,50.3839336867,ATB,null,null,null,null,OKC
0022100134,2021-11-06,c885e6a6-3076-5662-88ca-51ad196baf69,1e2c0a4e-ec7a-55f5-b5f9-675df2a2f556,UTA,MIA,4,17.6,11.5,SLOB,FGM,-3,2,1,1,0,0,84.9957427711,RA,null,null,null,null,MIA
0022100741,2022-01-28,61138c0c-96f0-5e6a-b523-a75a5abb36e4,cfa03413-13ff-539e-b651-50806a5724b4,OKC,IND,5,6.54,3.12,SLOB,FOU_B,-3,0,null,null,null,null,null,null,1,0,2,0,IND
0022100067,2021-10-28,0084a1cf-ffd2-5010-bd7a-2a5c1d56cbde,8f379b12-ba49-5781-9d00-d2bf751e6d60,CHI,NYK,4,14.84,9.62,SLOB,FGM,-3,2,1,1,0,0,89.0531523342,RA,null,null,null,null,NYK
0022100170,2021-11-10,1c2a5cfb-20fd-505c-a83c-76f30d774e21,1a6a0f8d-b0b9-590d-9a36-d36233f2d372,MIA,LAL,5,6.58,2.64,SLOB,FGX3,-3,0,1,0,1,0,54.5203681755,ATB,null,null,null,null,LAL
0022100144,2021-11-07,0f4ee424-209c-518e-9a77-4cbd34fc5143,e3d77e82-d9cd-5965-bcc3-ca5f3ba50a58,SAS,OKC,4,22.98,5.92,DEFOB,FGX3,-3,0,1,0,1,0,33.8732133644,ATB,null,null,null,null,OKC
0022101049,2022-03-18,66804979-4a7b-54be-ab61-090856d3e4e9,8d3ec733-fd83-547d-a29c-eb26cbb02632,DEN,CLE,5,11.5,0,FTDRB,FGX3,-3,0,1,0,1,0,56.0135963731,ATB,null,null,null,null,CLE
0022101130,2022-03-28,bb6b9a80-3123-5bf8-a4bd-66abe4af05d2,519653b8-fb0a-5a9c-b878-d04ae40bb48f,OKC,POR,4,8.9,5.48,SLOB,FGM3,-3,3,1,1,1,1,39.6462242718,ATB,null,null,null,null,OKC
0022100040,2021-10-24,085275f6-bd94-58cf-bb3b-3cad05c073db,2435d1ca-ad92-5d83-bbc8-6d9f41ba0b21,MEM,LAL,4,5.6,2.54,SLOB,FOU_S,-3,2,0,0,0,0,null,ATB,1,1,3,3,LAL
0022100479,2021-12-23,100d4109-9f2e-5f09-987b-037df8fde4cc,1869a77c-47b0-52c3-8080-651cb93942a5,DET,MIA,4,12.34,1.84,SLOB,FGX3,-3,0,1,0,1,0,37.10607252,Corner,null,null,null,null,MIA
0022100353,2021-12-06,8643a975-c0bc-5b93-b3ea-3cb6390adead,66913f07-3b59-55a1-91e2-edeebe0a8d53,CHA,PHI,5,6.48,3.04,SLOB,FGX3,-3,0,1,0,1,0,32.948115778,ATB,null,null,null,null,PHI
0022100882,2022-02-16,68f9ad82-e45e-5c8a-ae53-09134425d65a,2a690c6a-599c-5786-9ebd-85a23e48b308,HOU,PHX,4,2.1,0,SLOB,FGX3,-3,0,1,0,1,0,26.470885191,ATB,null,null,null,null,PHX
0022100916,2022-02-27,24e7adc8-0dfd-5651-8cc1-9753264bc641,4af3f7d8-f509-58dc-a4dc-e2a76bd85378,HOU,LAC,4,11.3,6.44,FTDRB,FGX3,-3,0,1,0,1,0,43.7792578983,ATB,null,null,null,null,LAC
0022100420,2021-12-15,1f7cf456-ec2c-5699-ab26-4b09663f640b,a80ed28e-9dda-522b-a323-e493070b016b,LAL,DAL,4,5.36,2.08,FGORB,FGM3,-3,3,1,1,1,1,56.1695390711,Corner,null,null,null,null,LAL
0022100716,2022-01-25,8b4dec8f-ede7-5bc3-b446-415af9d1bd54,316e96c1-5b46-59e5-922c-a85869ee2b58,LAC,WAS,4,8.2,1.94,DEFOB,FGM3,-3,4,1,1,1,1,30.6764693413,ATB,1,1,1,1,LAC
0022101165,2022-04-02,14e5b5df-cf39-50eb-bc90-51b176c59d21,89449848-add8-5721-b68c-4d55284a32c1,UTA,GSW,4,19.2,10.78,FTM,FGX3,-3,0,1,0,1,0,39.056826617,Corner,null,null,null,null,GSW
0022100851,2022-02-12,41b5de4a-8252-5189-8315-e5cca5e1f73f,59085f46-c9b3-55e8-a0e6-8b133bf2d120,BKN,MIA,4,22.3,15.4,SLOB,FOU_B,-3,2,null,null,null,null,null,null,1,0,2,0,MIA
0022101130,2022-03-28,450fc698-ba59-5eb6-bcd8-ecacb0910e20,23851313-d347-52bf-8898-913456936bb7,POR,OKC,5,7.3,4.72,SLOB,FGX,-3,0,1,0,0,0,38.438740778,RA,null,null,null,null,OKC
0022100416,2021-12-14,71c2b187-3e08-5a67-816f-b0edb9e9fa9a,81a61b2e-4a7d-5c6b-9c9d-903cb7732efe,POR,PHX,5,13.1,11.92,SLOB,FOU_B,-3,1,null,null,null,null,null,null,1,0,2,0,PHX
0022100267,2021-11-24,7e8f261a-22e9-542b-aa94-08bde34a79b6,ee14f7a9-abec-54d0-9dec-a443591eb09d,CLE,PHX,4,22.9,17.96,SLOB,FGX3,-3,0,1,0,1,0,41.0945591898,Corner,null,null,null,null,PHX
0022101022,2022-03-14,fe437ebd-f319-5dad-9192-783f60660c2c,cc5084ab-e98f-560b-84fb-0ef33a89f27f,PHI,DEN,4,14.4,4.1,FTM,FGX3,-3,0,1,0,1,0,48.7653953362,Corner,null,null,null,null,DEN
0022101101,2022-03-25,ff426b40-a8dd-5a11-8ba2-b5b693ca0463,d25adb8c-868f-5c9b-9685-70d53ce54e0d,DET,WAS,4,11.4,2.46,FTM,FGX3,-3,0,1,0,1,0,30.7229315264,ATB,null,null,null,null,WAS
0022100249,2021-11-21,57693dd3-2c19-59f4-b0f0-208c419b297b,2d74ab1f-5391-52ec-9dc9-4ce34ee17491,DET,LAL,4,5.9,5.12,SLOB,TO,-3,0,null,null,null,null,null,null,null,null,null,null,LAL
0022100909,2022-02-26,14da23cd-e587-5ae3-932f-4ef21fedebde,4755f103-5fdb-59a0-91b4-81d1ee952dd2,CHI,MEM,4,5.3,3.12,FTLINE,FGX3,-3,0,1,0,1,0,37.1702117393,ATB,null,null,null,null,MEM
0022101160,2022-04-01,d844ea24-8f83-5ce7-9dca-95f828eb0540,127c07f8-ba82-5b57-908b-4ee8a291ae5b,LAL,NOP,4,9.44,0,SLOB,FGX3,-3,0,1,0,1,0,41.9603125291,ATB,null,null,null,null,NOP
0022101127,2022-03-28,c7c33ae0-91cb-545b-9582-3ab2eb8acbb6,d7e8b8d9-bf03-5b3b-b1a8-a5cff2856ce1,BOS,TOR,5,14.4,8.3,FTM,FGX3,-3,0,1,0,1,0,41.1977878861,ATB,null,null,null,null,TOR
0022100450,2021-12-19,a288d485-c874-58e7-acdf-a4947d96f805,4bcda004-0767-553e-a0ae-77ac5fb5686c,MEM,POR,4,8.7,4.36,SLOB,FGX3,-3,0,1,0,1,0,47.7505258055,ATB,null,null,null,null,POR
0022100116,2021-11-03,382ea70a-577d-59a9-a613-b3543df18a71,d1b301a2-309b-5b58-8d19-0714a6a39172,SAS,DAL,4,21.2,13.98,SLOB,FGM,-3,2,1,1,0,0,99.9,RA,null,null,null,null,DAL
0022100897,2022-02-25,45e3bfa5-5af9-51c1-b088-11c2eba16183,d2cf5c32-ff18-5788-a2ae-57c970f251d8,IND,OKC,4,4.04,1.6,FGORB,FGM3,-3,3,1,1,1,1,54.4313147693,Corner,null,null,null,null,OKC
0022100154,2021-11-08,47eb7cf1-d626-539d-9b61-d86f46aecd97,13f5f073-3b15-5d3b-855f-51422f28c1a4,CHA,LAL,5,11.7,6.84,SLOB,FGX3,-3,0,1,0,1,0,35.7281190526,Corner,null,null,null,null,LAL
0022100910,2022-02-26,2da4d111-1c77-50cb-a67c-49c2d6bab5c9,290050e3-0859-5f59-bc88-69c968c62e2f,MIL,BKN,4,8.9,7.8,SLOB,FOU_B,-3,2,null,null,null,null,null,null,1,0,2,0,BKN
0022100230,2021-11-19,7b0b6bdd-040b-50df-9799-2dbcc80603d5,ef0c6853-c58b-5334-b4e0-cd3c85091583,IND,CHA,4,15.38,0,DEFOB,EPD,-3,0,null,null,null,null,null,null,null,null,null,null,CHA
0022100510,2021-12-28,9cb012b0-cdbf-5bb4-8dd1-f5729585069e,6a30539d-9bd9-5dbb-857c-c448d0e2fec8,TOR,PHI,4,6.7,6.28,SLOB,Out of Bounds,-3,0,null,null,null,null,null,null,null,null,null,null,PHI
0022100686,2022-01-21,55d20a10-9d7e-5c64-b917-82e866e975cb,f3ba4056-e6df-5046-8502-46f0add372a7,PHI,LAC,4,18.2,11.1,SLOB,FGM,-3,2,1,1,0,0,89.1514554768,RA,null,null,null,null,LAC
0022100533,2021-12-31,9c3e6bdf-4df4-5427-a76f-9849962cc79f,1fcf95e4-dbb3-537d-8b4f-89742972b349,CLE,ATL,4,7.64,0,FTM,FGX3,-3,0,1,0,1,0,34.6322486172,ATB,null,null,null,null,ATL
0022101071,2022-03-21,248be3f5-2f53-5b8c-98da-1db7260c28cc,ae61bf9f-f8d4-5f9d-b405-516a1535ac81,NOP,CHA,4,8.9,0,FGM,EPD,-3,0,null,null,null,null,null,null,null,null,null,null,CHA
0022100683,2022-01-20,86aa3ee9-aa92-5c50-a678-4e429b90b164,22044b40-100d-5695-925b-6ca683bc375e,IND,GSW,4,9.44,5.1,SLOB,FGM3,-3,3,1,1,1,1,33.994740587,ATB,null,null,null,null,IND
0022100320,2021-12-01,0e634f30-a495-52b0-b9da-daafcbf91ca2,9a8e13b1-8092-5c9e-8dd9-43ff8d0fd60a,DEN,ORL,4,23.02,8.48,FGDRB,TMO,-3,0,null,null,null,null,null,null,null,null,null,null,ORL
0022100385,2021-12-10,aabac9ee-9070-5523-914d-436d1cf3765b,69abc0e3-21fe-51a0-90ac-b9569ba985f1,NYK,TOR,4,0.6,0,SLOB,FGX3,-3,0,1,0,1,0,14.2247673279,ATB,null,null,null,null,TOR
0022100448,2021-12-19,81c97141-b28a-5bb6-ae83-220651acc7aa,dd754f8f-380b-5095-9219-376340ae7764,LAL,CHI,4,15.6,8.82,SLOB,FGX3,-3,0,1,0,1,0,48.1840456367,ATB,null,null,null,null,CHI
0022100968,2022-03-07,e26f1715-ba63-5f85-bdcf-12b0db460468,17fda2eb-6e95-5d53-944c-4fe9318517d0,ATL,DET,5,16.36,2.16,FGDRB,FGX3,-3,0,1,0,1,0,37.9200920463,ATB,null,null,null,null,DET
0022101108,2022-03-26,a610e0ce-9d7f-5b32-96fe-9c0d62b2d73a,f50e6426-a77d-5a0c-bea3-d31545339e44,ORL,SAC,5,12,8.5,SLOB,FGX3,-3,0,1,0,1,0,51.3274340243,Corner,null,null,null,null,SAC
0022100223,2021-11-17,b13817d7-5a3a-5a10-88c2-1d2050462640,fa37953e-995f-58da-9c7c-aeaf50904abf,CHI,POR,4,12,8.82,SLOB,FGX3,-3,0,1,0,1,0,59.4001023302,ATB,null,null,null,null,POR
0022100892,2022-02-24,aa518366-e9c8-586f-9d93-9de50a75b364,805b834e-c694-5333-a581-e24ca3c8efb1,MEM,MIN,4,9.04,2.7,SLOB,FGX3,-3,0,1,0,1,0,36.2853322248,ATB,null,null,null,null,MIN
0022100909,2022-02-26,3b480dfd-683c-5879-943a-3a2ea81bbf33,fc459593-dd0e-59a5-8d71-d5f7bc0024c8,CHI,MEM,4,14.9,11.56,SLOB,FGX,-3,0,1,0,0,0,31.0706177673,NRA,null,null,null,null,MEM
0022100320,2021-12-01,0e634f30-a495-52b0-b9da-daafcbf91ca2,17cae4b3-44a7-5adf-b8cf-c5020cd8f5d8,DEN,ORL,4,8.44,3.5,SLOB,FGX3,-3,0,1,0,1,0,28.6422418678,ATB,null,null,null,null,ORL
0022100324,2021-12-01,596d705a-2d33-5e23-8290-c9f64839380b,02ad65af-398b-5b5a-baba-aa4549bc5939,CHA,MIL,4,8.6,5.9,SLOB,FGM3,-3,3,1,1,1,1,34.5182845645,ATB,null,null,null,null,MIL
0022100897,2022-02-25,45e3bfa5-5af9-51c1-b088-11c2eba16183,5634d0ea-9f1d-51ed-88e4-b70c9eef3fa2,IND,OKC,4,8.9,4.04,SLOB,FGX3,-3,0,1,0,1,0,39.8057214174,ATB,null,null,null,null,OKC
0022100353,2021-12-06,8643a975-c0bc-5b93-b3ea-3cb6390adead,06d9d898-83a2-5d27-b7cd-2c5bf187bfa5,CHA,PHI,5,12.74,10.16,DEFOB,TMO,-3,0,null,null,null,null,null,null,null,null,null,null,PHI
0022100598,2022-01-09,50431623-c6dd-580f-85c4-a89d2bf91569,17059b07-f5da-55f7-84c0-d83d11b57901,ORL,WAS,4,12.4,7.88,SLOB,FGM,-3,2,1,1,0,0,99.5475330391,RA,null,null,null,null,WAS
0022100154,2021-11-08,47eb7cf1-d626-539d-9b61-d86f46aecd97,72f5a031-1f6a-5603-bea1-5dca7e8fa788,CHA,LAL,5,6.84,0.76,FGORB,FGX3,-3,0,1,0,1,0,24.8355073392,Corner,null,null,null,null,LAL
0022100081,2021-10-30,25a7778e-fe07-51ab-a021-5f57e735185f,b32c4fd9-a487-5828-b93b-3103d6d0a31e,IND,TOR,4,2.5,0,SLOB,FGX3,-3,0,1,0,1,0,31.3646620789,ATB,null,null,null,null,TOR
0022100942,2022-03-03,75e14b78-da35-5e2d-894f-0df951c9cc8e,2fe671ee-4296-5443-8ed4-631741c292de,TOR,DET,4,14.2,5.14,SLOB,FGX,-3,0,1,0,0,0,25.8220948458,NRA,null,null,null,null,DET
0022100353,2021-12-06,8643a975-c0bc-5b93-b3ea-3cb6390adead,fb5a9628-74c7-51ba-9db5-f641ae30a72d,CHA,PHI,5,10.1,6.48,SLOB,Out of Bounds,-3,0,null,null,null,null,null,null,null,null,null,null,PHI
0022100910,2022-02-26,13fc0f9a-a941-5a56-b1e9-db0024d7c21d,cb3278b3-7cfe-5b8e-9ef7-2a11e2ff686a,MIL,BKN,4,21.74,14.68,FTDRB,FOU_S,-3,2,0,0,0,0,null,ATB,1,1,3,3,BKN
0022100832,2022-02-10,1e549453-60de-5b34-8b24-b676a3e45bff,e5aa04a6-0301-5ce5-a63b-4de5fdec86b7,BKN,WAS,4,6.3,0.6,SLOB,FGX3,-3,0,1,0,1,0,31.2688484488,ATB,null,null,null,null,WAS
0022100078,2021-10-30,38cc50ce-7031-5ad2-ab75-4af26f4e601e,1aff3e7c-7232-5cc5-b5db-d4f64b67a0f8,BOS,WAS,6,10.3,1.88,SLOB,FGX3,-3,0,null,null,null,null,null,null,null,null,null,null,WAS
0022100546,2022-01-02,0adb7576-4b02-54b4-b1fd-fb61ce170917,9177e118-e55d-5a05-aa2b-50b023c718e3,ORL,BOS,5,6.6,4.06,SLOB,Out of Bounds,-3,0,null,null,null,null,null,null,null,null,null,null,BOS
0022100021,2021-10-22,a19ac648-604c-5234-a869-cc762702653b,b51e02fe-426a-5965-8b80-e7fe72116cef,PHI,BKN,4,16.7,15.24,SLOB,FOU_B,-3,1,null,null,null,null,null,null,1,0,2,0,BKN
0022100915,2022-02-27,8602c987-1725-5c35-b1cc-8da33ba01e6f,ccb79c50-b6e0-56fe-b5b5-27d12ce65253,CHA,DET,4,13.5,10.84,SLOB,FOU_B,-3,2,null,null,null,null,null,null,1,0,2,0,DET
0022100061,2021-10-27,433db674-cbaf-5d96-94dc-2a6144e27d3d,ec21f23a-58ad-5802-addc-ef740a9647cd,LAL,OKC,4,17.7,10.96,SLOB,FGX3,-3,0,1,0,1,0,40.2016992388,ATB,null,null,null,null,OKC
0022100533,2021-12-31,4d6fc0cd-03eb-58a9-9c42-88981bc1548b,54752354-03e6-5260-896b-89f2ee440b6e,CLE,ATL,4,12.2,10.42,SLOB,FGM,-3,2,1,1,0,0,73.5500414696,RA,null,null,null,null,ATL
0022100514,2021-12-28,3a87d305-8593-5bab-8f36-8f525559e18c,0f4dd452-349a-5ff4-8da2-abd6ae3654d7,GSW,DEN,4,2.2,0,SLOB,FGX3,-3,0,1,0,1,0,27.8841238325,ATB,null,null,null,null,DEN
0022100613,2022-01-11,7e07457c-33a6-568e-a04a-62997433a5a7,07cc647e-8a6f-5b8a-9a16-4c0e7dd89cfb,TOR,PHX,4,6.5,5.92,FTLINE,FOU_B,-3,2,null,null,null,null,null,null,1,0,2,0,PHX
0022100860,2022-02-14,a3fe9725-1c02-5c3d-bf91-0808b2c06bf2,f57bd013-1ce7-5101-9a22-445bfadba22e,NYK,OKC,5,5,2.5,SLOB,FGX3,-3,0,1,0,1,0,51.1654254327,Corner,null,null,null,null,OKC
0022100233,2021-11-19,a3156c63-6465-5f3e-8550-b712a9e10bfe,b21f1e6f-5163-5bbd-a71e-6c0d770f9827,ORL,BKN,4,17,14.38,SLOB,FOU_N,-3,0,null,null,null,null,null,null,1,0,null,null,BKN
0022100942,2022-03-03,75e14b78-da35-5e2d-894f-0df951c9cc8e,be331847-b186-51e9-b1c0-7f09615cce88,TOR,DET,4,5.14,0.74,FGORB,FGX3,-3,1,1,0,1,0,37.2968958106,ATB,null,null,null,null,DET
0022100546,2022-01-02,0adb7576-4b02-54b4-b1fd-fb61ce170917,5af1eead-b59a-50da-9db4-f49279608dda,ORL,BOS,5,5.88,2.6,SLOB,FGX3,-3,0,1,0,1,0,32.9053392563,Corner,null,null,null,null,BOS
0022100967,2022-03-06,dbaad245-b25e-5619-8ed1-b2f5733fd2c7,908d500a-c99f-5933-9afb-a4faceb9bb6b,DEN,NOP,4,17.9,14.76,FTDRB,FGM,-3,2,1,1,0,0,95.865623064,RA,null,null,null,null,DEN
0022100920,2022-02-28,effd266f-503e-5847-b8b6-6803d71397e5,73609bfc-f353-5c5e-acb0-924bec1341d3,CLE,MIN,4,11.8,3.46,SLOB,FGX3,-3,0,1,0,1,0,23.7741944761,ATB,null,null,null,null,MIN
0022100578,2022-01-06,bad4d0b4-0fe3-5b64-b709-d76e514e731b,e8cf628b-b96e-5401-aea4-1d9a050bff8d,BOS,NYK,4,18.8,15.46,FTM,FOU_B,-3,2,null,null,null,null,null,null,1,0,2,0,NYK
0022101127,2022-03-28,c7c33ae0-91cb-545b-9582-3ab2eb8acbb6,067dd7cf-dfad-5ee0-99af-38caf2d68c2b,BOS,TOR,5,8.3,2.78,FGORB,FGX3,-3,0,1,0,1,0,44.1150951862,ATB,null,null,null,null,TOR
0022100479,2021-12-23,100d4109-9f2e-5f09-987b-037df8fde4cc,66aa94d9-00ac-5aee-9cad-f0708f1dc481,DET,MIA,4,22.06,12.38,FGDRB,TMO,-3,0,null,null,null,null,null,null,null,null,null,null,MIA
0022101034,2022-03-16,ef14a582-176b-5eaf-b2fe-721130fb8e82,023265f0-cb06-5790-8b53-c9dd3ace336e,CLE,PHI,4,16.8,15.46,SLOB,FOU_B,-3,2,null,null,null,null,null,null,1,0,2,0,PHI
0022100854,2022-02-12,d9a43033-2e0a-5cb7-acd8-39aa9b7e3199,134ad026-56af-589c-bc6e-e842c1760980,LAL,GSW,4,7.3,2.48,SLOB,FOU_S,-3,1,0,0,0,0,null,ATB,1,1,3,3,GSW
0022100363,2021-12-07,73f48d49-96d1-56c6-8880-370c241ab2c1,b91efb6b-ba81-518f-8d8b-802ebaaa4a95,DAL,BKN,4,14.9,0,FGORB,FGX3,-3,0,1,0,1,0,49.6434674377,ATB,null,null,null,null,BKN
0022100887,2022-02-17,2c5323a0-3350-5e94-b3fe-01de32c60dbe,6dd4cc2c-172c-5538-9fab-b5cdcf03358f,MIL,PHI,4,13.4,8.48,SLOB,FGX3,-3,0,1,0,1,0,39.6844493716,ATB,null,null,null,null,PHI
0022100663,2022-01-17,558d9e0e-b50e-539d-b354-06b893ec47cc,bceb9e19-bc0d-5813-8245-e20974d784ee,OKC,DAL,4,20,18.02,SLOB,TO,-3,0,null,null,null,null,null,null,null,null,null,null,DAL
0022100954,2022-03-05,7c5bf7aa-480c-54ed-a598-340be3b24103,8314a7da-462b-54fb-9a3a-66aea15fcc5e,SAC,DAL,4,3.3,0.56,SLOB,FGX3,-3,0,1,0,1,0,21.0826158772,ATB,null,null,null,null,DAL
0022100422,2021-12-15,334ef455-c2d5-534c-9d9b-d7f12209cf18,7316bafb-4317-5848-8906-a9f5f08e61ae,OKC,NOP,4,4.5,1.48,SLOB,FGM3,-3,3,null,null,null,null,null,null,null,null,null,null,NOP
0022100448,2021-12-19,81c97141-b28a-5bb6-ae83-220651acc7aa,0d03e678-2235-59d1-8c9a-92ef371bdd50,LAL,CHI,4,8.82,3.9,FGORB,FGX3,-3,0,1,0,1,0,48.7535440693,ATB,null,null,null,null,CHI
0022100889,2022-02-24,64b17cf2-05fd-5400-806b-9770ca9f4aae,2f22d4d6-7af0-5103-b97f-569381e391c8,CLE,DET,4,12.96,1,FGORB,FGX3,-3,0,1,0,1,0,55.0125518332,ATB,null,null,null,null,DET
0022100569,2022-01-05,ae8f2d2d-6092-5eaf-a93f-99aceeaa0bb3,4eab3779-4876-55d1-ada9-3dbdac241dff,WAS,HOU,4,0.44,0,SLOB,FGX3,-3,0,1,0,1,0,41.261802249,Corner,null,null,null,null,HOU
0022100241,2021-11-20,2cdc3cda-f4f0-5e9f-815e-4e523d24cfec,f524c505-44ee-5178-bb6a-2574f68e9f7c,MIA,WAS,4,12.44,0.94,SLOB,FGX3,-3,0,1,0,1,0,38.0092786531,ATB,null,null,null,null,WAS
0022100368,2021-12-08,d7576ce7-7c7d-57c6-a3a5-84e3390c25d9,18469f57-06ce-599b-bab9-62da8512ed61,DET,WAS,5,0.6,0,SLOB,FGX3,-3,0,null,null,null,null,null,null,null,null,null,null,WAS
0022100078,2021-10-30,cbb1f9ea-9d5b-552d-86cb-16e2c1a78fc2,36f0c949-598b-50ea-80df-3b53cd18f005,BOS,WAS,6,20.6,17.02,SLOB,TO,-3,0,null,null,null,null,null,null,null,null,null,null,WAS
0022101044,2022-03-16,55c12050-b89e-5f69-bd62-17e1b4e5f12e,816833a0-abf0-5f92-bb87-f193556aaad5,LAC,TOR,4,6.2,0.1,SLOB,FGX3,-3,0,1,0,1,0,39.833863035,ATB,null,null,null,null,TOR
0022100078,2021-10-30,38cc50ce-7031-5ad2-ab75-4af26f4e601e,e957656d-a92d-5b7e-9328-957e07e252c8,BOS,WAS,6,17,10.38,TO,TMO,-3,0,null,null,null,null,null,null,null,null,null,null,WAS
0022100231,2021-11-19,f14b98fb-470f-598e-a2dd-d99f33764783,d48041a6-1a36-5391-8a70-52ce526b9ffa,DET,GSW,4,8.6,2.08,FGORB,FGX3,-3,0,1,0,1,0,29.3520662606,ATB,null,null,null,null,GSW
0022100134,2021-11-06,4e5e840c-9ed5-5f1a-81e2-5dd67c1c50fc,56c42930-8265-5ba7-b674-f851b291a5f5,UTA,MIA,4,10.4,7.82,SLOB,FGX3,-3,0,1,0,1,0,32.398517664,ATB,null,null,null,null,MIA
0022100137,2021-11-06,2219462f-9aee-5bf0-a28e-ddba80952dde,eebcc23c-9eba-55e7-8298-cfa8a52a6f24,ATL,PHX,4,19.3,14.96,SLOB,FGX3,-3,0,1,0,1,0,32.2842200754,ATB,null,null,null,null,PHX
0022100593,2022-01-08,d7ff086a-602e-581f-ac40-253de7065985,1be56f3e-9beb-5170-b795-7f37dca6dcc7,ORL,DET,4,8,2.9,SLOB,FGX3,-3,0,1,0,1,0,31.7464543791,ATB,null,null,null,null,DET
0022100206,2021-11-15,820d4ddc-7e10-5e35-aa64-fc3da6cae1fa,5e5047e7-5111-5777-936c-0e335a889a36,MIN,PHX,4,19.1,17.88,SLOB,FGM,-3,2,1,1,0,0,98.8950865707,NRA,null,null,null,null,PHX
0022100887,2022-02-17,7f760802-adb0-56bb-b03d-a10392b2c462,f4134fe3-5366-5ca6-8dfe-269c1f780dde,MIL,PHI,4,1.2,0,SLOB,FGX3,-3,0,null,null,null,null,null,null,null,null,null,null,PHI
0022101149,2022-03-31,290db0d7-3dfa-5479-b805-f7871d9aef04,41644791-c1a8-57f9-8862-a36798ed70b8,CHI,LAC,4,11.8,9.38,SLOB,FGM,-3,2,1,1,0,0,92.0673707447,RA,null,null,null,null,CHI
0022100422,2021-12-15,a404a509-6f31-516f-976b-a8aaadd86856,23238c77-141d-5ae8-8eee-b1d5031381a1,OKC,NOP,4,7.2,5.66,SLOB,FOU_B,-3,2,null,null,null,null,null,null,1,0,2,0,NOP
0022100416,2021-12-14,71c2b187-3e08-5a67-816f-b0edb9e9fa9a,a9bb2510-4b42-5a2a-81d4-70f4e26bd8f8,POR,PHX,5,21.1,13.14,FGDRB,FOU_N,-3,0,null,null,null,null,null,null,1,0,null,null,PHX
0022100149,2021-11-08,b654bd35-17d8-5858-a7b0-b1faa22ac038,5ed08b11-4058-529a-9dd4-7f39cdfe5578,MIN,MEM,4,1.1,0,SLOB,FGM3,-3,3,null,null,null,null,null,null,null,null,null,null,MEM
0022100153,2021-11-08,10d62890-46ac-5253-98a6-693f22fd4abe,ef78a266-a386-5fa0-a836-7559b7b15867,SAC,PHX,4,7.84,5.78,FTDRB,TO,-3,0,null,null,null,null,null,null,null,null,null,null,PHX
0022101012,2022-03-13,d5938e2a-5fa1-5acb-9f24-4044d3f6a4bb,d669d82f-80ef-5c9f-a75f-84bdc5f70f23,NYK,BKN,4,6.6,2.66,FTM,FOU_B,-3,2,null,null,null,null,null,null,1,0,2,0,BKN
0022100832,2022-02-10,33ad945e-3790-5378-9aa2-007c657f657c,8e53e207-bdb9-5115-8224-afa4d968d9a3,BKN,WAS,4,19.94,7.32,FGDRB,FOU_S,-3,2,0,0,0,0,null,RA,1,1,2,2,WAS
0022100730,2022-01-24,7df63958-1f67-5320-a189-d32339d06112,6761ca5a-e48f-5308-89d8-85e228d033cc,OKC,CHI,4,9.9,2.28,FTM,FGX3,-3,0,1,0,1,0,37.5691032658,ATB,null,null,null,null,CHI
0022100420,2021-12-15,1f7cf456-ec2c-5699-ab26-4b09663f640b,b1496207-ee7c-5ed2-ac7a-8fa036f83449,LAL,DAL,4,17.96,5.36,FGDRB,FGX3,-3,0,1,0,1,0,43.8328654604,ATB,null,null,null,null,LAL
0022100123,2021-11-04,1aab8777-710e-5870-b6b6-9c420dde138b,fb23c72c-a274-56bf-87e4-8da3b1eda8bd,LAL,OKC,4,7.8,1.22,FTM,FGX3,-3,0,1,0,1,0,28.2876875782,ATB,null,null,null,null,OKC
0022100046,2021-10-25,09131866-0c5c-52e2-92c2-6591bfe5fad4,bb8c906c-1238-5359-809a-9a7b6eac6529,TOR,CHI,4,9.7,0,FTM,FGX3,-3,0,1,0,1,0,48.2620145946,ATB,null,null,null,null,CHI
0022101050,2022-03-18,69b61faa-3e5f-553b-95e5-bf54e2494c33,152e7d66-ca99-5417-8264-ef4bc17d4171,WAS,NYK,4,4.9,0,SLOB,FGX3,-3,0,1,0,1,0,34.6384906089,ATB,null,null,null,null,NYK
0022100704,2022-01-23,597424d6-1953-5154-96fa-034ff997c6e6,cea553c1-70d5-5745-9a2c-1e584ef082ec,SAS,PHI,4,14.9,7.32,FTM,FGX3,-3,0,1,0,1,0,30.9560095983,ATB,null,null,null,null,PHI
0022000027,2020-12-26,fa289ed9-2ca4-5a10-a322-2745db1c29ed,bd5ec115-6a95-5fe2-8451-4abe04aa43b3,TOR,SAS,4,8.4,3.1,BLOB,FGX3,-3,0,1,0,1,0,47.7857888732,ATB,null,null,null,null,SAS
0022000336,2021-02-03,6cd5de49-1d8e-5c37-8161-3d7a3f590929,ebf3a141-4c11-5abb-b4c9-3278d6fcccfd,BOS,SAC,4,9.3,7.4,SLOB,FOU_B,-3,0,null,null,null,null,null,null,1,0,2,0,SAC
0022000792,2021-04-09,01bd5d2c-df0b-5295-99de-59f8d82519b1,e8c0eedb-dad4-598a-868b-c20f00769993,MIN,BOS,4,17.3,8.6,SLOB,FGM3,-3,3,1,1,1,1,39.3874579811,ATB,null,null,null,null,BOS
0022000348,2021-02-05,5ee77ef6-2cac-5e23-984a-7d75b6405078,1227f89c-e1dc-56dd-811a-81e6885e9501,OKC,MIN,4,2.9,0,SLOB,FGX3,-3,0,1,0,1,0,34.1767132516,ATB,null,null,null,null,MIN
0022000846,2021-04-16,7cc69eb6-ebda-524f-aec1-7f49b1752cd0,300daad5-010b-5d10-9d12-c07fe301d13d,LAC,PHI,4,9.8,5.18,SLOB,FGX3,-3,0,1,0,1,0,40.5310770135,ATB,null,null,null,null,PHI
0022000754,2021-04-03,49ca26ea-2940-53d9-b00c-84506fa90b3a,38a11c5f-2927-5d77-9db3-6f3e9bff0a2f,SAC,MIL,4,9.4,3.54,FTM,FGM,-3,2,1,1,0,0,87.9198663063,RA,null,null,null,null,MIL
0022000554,2021-03-04,49150851-1003-5ce9-8cb1-7108beadc44f,81343098-8083-5d92-a585-a9a57547c861,LAC,WAS,4,11.7,8.6,SLOB,FOU_B,-3,2,null,null,null,null,null,null,1,0,2,0,WAS
0022001042,2021-05-12,6d0e899a-00ed-5433-adf9-0b67905e88e6,327e2e14-d36e-5532-898c-64b67fea465c,WAS,ATL,4,13.2,7.22,SLOB,FGX3,-3,0,1,0,1,0,39.9468896806,ATB,null,null,null,null,ATL
0022000604,2021-03-15,dfe80070-e4da-599e-8db1-b6733316915d,9f47339b-3c6e-57c1-bb13-7802b2fe4b06,NYK,BKN,4,5.7,3.28,JMP,TO,-3,0,null,null,null,null,null,null,null,null,null,null,BKN
0022000984,2021-05-04,eeab61ae-b5db-5988-a473-0d0cb6e7793a,7b77d0c8-3ea4-5106-a33e-c1e37297d40a,DET,CHA,4,5.84,0,FTM,FGX3,-3,0,1,0,1,0,33.814360847,ATB,null,null,null,null,CHA
0022000249,2021-01-24,a5e3f4e8-28ee-5de4-b2af-3d92d34d110b,38e68fff-3d2c-5d1e-b6e5-ca3a5a61dab0,IND,TOR,4,18.04,7.7,FTM,FGX,-3,0,1,0,0,0,82.1600919895,RA,null,null,null,null,TOR
0022000479,2021-02-22,d86434f3-4850-58e3-8556-3e410ffddb59,eb2464ea-cfd9-513c-a9ae-637f413c24a3,LAL,WAS,5,11.64,3.98,FTDRB,FGX3,-3,0,1,0,1,0,30.6843347847,ATB,null,null,null,null,WAS
0022000324,2021-02-02,5e51281d-d2d3-5af8-ac78-0def54193999,b3f074c4-b9cd-5200-8989-abdcec90c6d9,LAC,BKN,4,9.8,7.18,FTM,FOU_B,-3,2,null,null,null,null,null,null,1,0,2,0,BKN
0022000862,2021-04-18,525f1cc6-d59f-524c-b076-066efd00ab06,4ab79120-0e5f-5da6-981b-5c389982fada,NYK,NOP,4,7.8,2.34,SLOB,FGM3,-3,3,1,1,1,1,57.1346618156,Corner,null,null,null,null,NYK
0022000063,2020-12-31,7911b372-76ed-565e-bcec-0c2b714790ea,94b15002-7f93-578e-aa53-a828b95aea81,WAS,CHI,4,14.2,6.66,SLOB,FGX3,-3,2,1,0,1,0,43.9910372615,ATB,null,null,null,null,CHI
0022000336,2021-02-03,6cd5de49-1d8e-5c37-8161-3d7a3f590929,19f838c7-adeb-5640-b665-b27c991831c7,BOS,SAC,4,7.4,2.9,FTORB,FGX3,-3,0,1,0,1,0,45.1084989023,Corner,null,null,null,null,SAC
0022000614,2021-03-16,9b844f2b-0aae-5c45-aec4-62be395d40ee,e7907454-bdf7-5992-a055-6342097379f6,POR,NOP,4,6.9,5.24,SLOB,FOU_B,-3,2,null,null,null,null,null,null,1,0,2,0,POR
0022000310,2021-01-31,ca0d7b8b-3f0e-5d6d-a339-68a1922a8dd8,d10db65e-8c5a-570a-9e3d-386c309acc7d,WAS,BKN,4,23.3,14,FTM,FGX3,-3,0,1,0,1,0,30.0264332342,ATB,null,null,null,null,WAS
0022000878,2021-04-20,09e1af12-ebe2-5ddd-a1a1-e68e01561f91,5135fa6e-1aff-51ed-92d4-94502e06f1d9,NOP,BKN,4,12.4,11.46,SLOB,FOU_B,-3,2,null,null,null,null,null,null,1,0,2,0,BKN
0022000350,2021-02-05,163313a3-720c-5fe2-9284-61d9512ef2df,5d5f289c-0734-5526-9225-8b376839bf49,LAC,BOS,4,5.7,0,FTM,EPD,-3,0,null,null,null,null,null,null,null,null,null,null,BOS
0022000288,2021-01-29,b14ba702-7988-59e9-8eae-31908a132c6d,9869a822-9574-50a3-96da-dcbe4ae92620,IND,CHA,4,8.7,4.04,SLOB,FGX3,-3,0,1,0,1,0,42.0081937852,ATB,null,null,null,null,CHA
0022000585,2021-03-12,d6e88c33-84cf-5227-85f7-197e3efad470,36e68973-13c6-5450-8465-91f4befc0ec0,IND,LAL,4,18.02,9.98,FGDRB,TMO,-3,0,null,null,null,null,null,null,null,null,null,null,LAL
0022000100,2021-01-04,e067816b-bd39-5b24-9467-23109b5a6677,2a05e45d-80fc-59ed-87dc-57c4d4acb837,IND,NOP,4,13.98,7,TO,FGM3,-3,3,1,1,1,1,42.4065180874,ATB,null,null,null,null,IND
0022000691,2021-03-26,f87fe3bd-3bc1-556c-9d12-bdfd1c9043c3,6ba21916-0a29-5a40-9d9a-231bcd34ef64,MEM,UTA,4,13.34,4.44,SLOB,FGX3,-3,0,1,0,1,0,36.3526396995,ATB,null,null,null,null,UTA
0022000837,2021-04-14,dacc150c-a56c-5e2b-874e-b864b62f17fa,b52a60a8-af58-5a0d-8588-718f6de7c37f,DAL,MEM,4,12.6,3.3,SLOB,FOU_S,-3,1,0,0,0,0,null,NRA,1,1,2,2,DAL
0022000524,2021-02-28,516af352-49bc-5b8c-b65c-288e349dbcb2,93432736-3633-5312-9f8f-48df0a7c9f42,BOS,WAS,4,19.7,15.04,SLOB,FGM,-3,2,1,1,0,0,61.5136615467,RA,null,null,null,null,BOS
0022000105,2021-01-05,a1234c1b-2d75-5342-808d-533596a689b6,6b82e5a2-ca25-5828-b074-d45c6fc4478c,LAC,SAS,4,5.7,0.8,SLOB,FGX3,-3,0,1,0,1,0,31.5312094803,ATB,null,null,null,null,SAS
0022000543,2021-03-03,72dc4681-723c-5c89-a2d4-e24882031447,ed598741-ee10-5a53-94e8-0b160dbbc58c,CLE,IND,4,11.64,3.86,DEFOB,FGX3,-3,0,1,0,1,0,37.1135127718,ATB,null,null,null,null,IND
0022000997,2021-05-06,09272232-fba4-5be2-8fb3-c843cdcad49e,382f7b55-856d-5018-9ba8-aef813090d5a,TOR,WAS,5,7.3,5.76,SLOB,FOU_B,-3,2,null,null,null,null,null,null,1,0,2,0,WAS
0022000437,2021-02-17,b5d839a4-6bc8-57a6-8e4a-a6fa38fd26c8,08a1b6b8-ef9c-5555-9d51-2ba9e699478d,DEN,WAS,4,8.8,5.94,FTM,FOU_N,-3,0,null,null,null,null,null,null,1,0,null,null,WAS
0022000611,2021-03-16,4de85145-74ab-5a6a-acd4-7234a09d044a,ffd697ba-8403-5de5-bdc8-a3dd04b1aaf2,NYK,PHI,4,15.1,11.64,SLOB,FGX3,-3,0,1,0,1,0,41.202785212,ATB,null,null,null,null,PHI
0022000798,2021-04-09,884bc219-579e-5d98-a48b-18a6b76bdfee,ecc24be1-f2e7-5ae5-afa6-0640795a90e1,GSW,WAS,4,1.2,0,SLOB,EPD,-3,0,null,null,null,null,null,null,null,null,null,null,WAS
0022000374,2021-02-08,2bac441a-dac0-5623-bff2-bf3b1f4b643b,8483d576-9b8a-5f22-ab01-5b50bc8b23ff,OKC,LAL,4,15.9,8.88,FTDRB,FGX,-3,0,1,0,0,0,52.5264300327,RA,null,null,null,null,LAL
0022000650,2021-03-21,88b4e794-8b2c-5498-9a51-2e0590af643c,0f905456-f666-5d97-87c2-160baf4bd6cc,NYK,PHI,4,11.7,7.84,SLOB,FGM3,-3,3,1,1,1,1,37.2326227248,Corner,null,null,null,null,PHI
0022000496,2021-02-24,362830ae-c351-5fca-a90e-4cca79f2a62e,1e6c8556-af9f-55cb-9003-c9a69cd0bac9,PHX,CHA,4,5.8,2.94,FTM,FOU_B,-3,1,null,null,null,null,null,null,1,0,2,0,CHA
0022000216,2021-01-20,751b8bbf-25f8-5798-8f50-b1ed7bdbb0a4,a81fabaf-5023-5109-b0f9-07ce03d96248,CLE,BKN,5,18.3,14.72,SLOB,FGX3,-3,0,1,0,1,0,31.9811271629,ATB,null,null,null,null,CLE
0022000650,2021-03-21,7d7b03fd-c39e-5888-8594-45c053468413,42c1fb1f-542d-5a95-bd08-6c98b36f4a32,NYK,PHI,4,19.1,14.92,SLOB,FGX,-3,0,1,0,0,0,54.1647391577,RA,null,null,null,null,PHI
0022000216,2021-01-20,f2424121-dded-5991-b187-a612319da9d0,f728be90-f8f2-5524-88a0-ac8fe8a20712,CLE,BKN,5,5.28,1.26,SLOB,FGM3,-3,3,1,1,1,1,28.3768181677,ATB,null,null,null,null,CLE
0022000287,2021-01-28,9e27b960-58d4-5d65-9ef4-5b6ebf6aa08e,f8b99bec-9a03-5950-b6e2-76d47b2c972f,POR,HOU,4,2.1,0,SLOB,FGX3,-3,0,1,0,1,0,24.6814952588,ATB,null,null,null,null,HOU
0022000280,2021-01-27,fb51b73f-9c81-58b1-96c6-cfb5c043c519,a534853a-f8cf-54d7-970b-8b4eb32ad82a,BOS,SAS,4,8.6,0.74,FTM,FGX3,-3,0,1,0,1,0,51.0966521444,Corner,null,null,null,null,SAS
0022000783,2021-04-07,08bd0405-5925-5c37-873a-44f270afc5cf,2cfb2f1c-42ef-55c1-9d24-ff6b17e29c7d,UTA,PHX,5,10.64,9.1,SLOB,FOU_B,-3,1,null,null,null,null,null,null,1,0,2,0,PHX
0022000175,2021-01-14,b9410446-1094-575d-a031-28f13e7fa74e,c316f7d7-cfaa-5cd8-97c0-51ebf5beb59a,CHA,TOR,4,9.84,1.54,SLOB,FGX3,-3,0,1,0,1,0,45.3361890292,ATB,null,null,null,null,TOR
0022000411,2021-02-14,962fb189-c8e7-50b7-9fdd-cee87370a35f,e8aa39d1-bea0-573d-8736-548b753a7a75,DAL,POR,4,6.9,2.64,SLOB,FGX3,-3,0,1,0,1,0,52.8988422618,ATB,null,null,null,null,POR
0022000248,2021-01-23,245ad01e-5311-5f3f-9159-13d0ac84390d,e05ff89c-cf36-5e6a-a510-76d0a7c0132d,DEN,PHX,4,12.2,0,SLOB,FGM3,-3,3,1,1,1,1,23.6721657686,ATB,null,null,null,null,DEN
0022000469,2021-02-21,cc272dac-f8e6-591b-9c78-3a2495d7af6a,364516cf-16c0-56f1-8475-35c2e81de537,MIN,NYK,4,20.9,17.12,SLOB,FOU_S,-3,1,0,0,0,0,null,NRA,1,1,2,2,NYK
0022000545,2021-03-03,56de6968-57b4-53f6-92dc-9041dbae8109,7cc945f6-5ca9-50be-b7a7-8ccf479b096e,PHI,UTA,4,21.54,6,FTM,FGM3,-3,3,1,1,1,1,36.9541428773,ATB,null,null,null,null,PHI
0022000618,2021-03-17,ded75d51-e5f7-5d93-b523-73e8479e84ce,fa920a23-2249-5901-a29d-8e9387b12d38,PHI,MIL,4,3,0.5,SLOB,FGM3,-3,3,1,1,1,1,66.2026087246,Corner,null,null,null,null,MIL
0022000034,2020-12-27,284b9012-e64f-5be6-a895-9d9f77563a2d,931c5a73-0c83-599d-8816-cf8464c8d8ef,SAS,NOP,4,10.9,2.2,SLOB,FGX3,-3,0,1,0,1,0,17.7042464429,ATB,null,null,null,null,NOP
0022000886,2021-04-21,44d17881-d164-5e5c-b157-aa7b992dee08,4c7cce2b-b28e-5353-a55b-a5282fb799fe,ATL,NYK,4,8.4,6.22,SLOB,FGM3,-3,3,1,1,1,1,42.2342627707,Corner,null,null,null,null,NYK
0022000070,2021-01-01,e9d5c22b-9f41-547e-969a-462a547e6bb4,1bac632e-550f-5f7a-a65a-1e096b1bce85,BOS,DET,4,5.6,1.54,SLOB,FGX3,-3,0,1,0,1,0,32.6953324299,ATB,null,null,null,null,DET
0022000706,2021-03-28,80db9cd9-8597-50ba-8825-8dd6c7bf8ff3,a804e993-474c-57f5-af49-e3303e81a5d5,ORL,LAL,4,5.3,0,SLOB,FGX3,-3,0,1,0,1,0,48.7440187125,ATB,null,null,null,null,LAL
0022000216,2021-01-20,f2424121-dded-5991-b187-a612319da9d0,ac3b3d09-b542-571a-acf3-7aee411750ba,CLE,BKN,5,8.94,5.28,FTM,FOU_N,-3,0,null,null,null,null,null,null,1,0,null,null,CLE
0022000281,2021-01-27,a1cd710f-ee44-517b-8b7f-89884e1c52b4,7dc6743a-562f-57ef-8711-e5bc94c2e07f,PHX,OKC,4,17.8,7.06,SLOB,FGX3,-3,0,1,0,1,0,46.4356757112,ATB,null,null,null,null,OKC
0022000520,2021-02-28,5fa1e1d6-bb05-505e-9a66-76b4ce754769,7cfea36e-4006-5249-8adf-5cd448c9758f,LAC,MIL,4,10.3,3.52,SLOB,FGX3,-3,0,1,0,1,0,43.7661908383,ATB,null,null,null,null,MIL
0022000065,2020-12-31,d0fea802-81ec-5bb5-b567-17f60a4b3151,0ef533ab-f8e2-53f9-9328-cea816015ddc,SAC,HOU,4,15.6,6.54,FTM,FGX3,-3,0,1,0,1,0,48.7184383922,ATB,null,null,null,null,HOU
0022000374,2021-02-08,2bac441a-dac0-5623-bff2-bf3b1f4b643b,23a0878d-8b21-58b6-bafb-f835962deec8,OKC,LAL,4,7.54,1.26,JMP,FOU_S,-3,3,0,0,0,0,null,ATB,1,1,3,3,LAL
0022000997,2021-05-06,969ee6ad-f501-53df-a371-c1e9a52b2992,dc4fde5d-9f12-52f8-ace9-5adcec289be3,TOR,WAS,4,8.3,1.36,FTM,FGM3,-3,3,1,1,1,1,21.6119450573,ATB,null,null,null,null,WAS
0022000076,2021-01-01,28ea5743-afb1-5da9-bc5a-b5b9ebfe54c9,aa741559-28da-57f3-b6bd-ecf6f05bc41e,DEN,PHX,4,2.9,0,SLOB,FGX,-3,0,1,0,0,0,23.9813483601,Mid,null,null,null,null,PHX
0022000252,2021-01-24,af448cf2-b868-5212-b42c-d7aa5db4720d,0ec2876b-a4ae-598e-8dc8-d4992fca4869,ORL,CHA,4,19.24,10.26,FTDRB,FGM3,-3,3,1,1,1,1,46.3145909915,Corner,null,null,null,null,CHA
0022000695,2021-03-27,fe22e98d-01ea-5475-bb18-071ae485ef39,acfbeba3-4fb7-5f8c-95a4-41fad9393fca,MIL,NYK,4,13.42,8.02,SLOB,FGX3,-3,0,1,0,1,0,45.9606298592,ATB,null,null,null,null,NYK
0022000449,2021-02-19,69e4268d-bb2f-5a46-88ea-338af7088884,4f441fd3-11bd-5b95-9b71-c92047cb2c05,GSW,ORL,4,2.9,0.56,SLOB,FGX3,-3,0,1,0,1,0,46.6112358813,ATB,null,null,null,null,ORL
0022000878,2021-04-20,3ae429ac-4a18-5362-bda9-dda395420d90,20ae3f8a-cd4e-53fa-91bd-bf411ace0038,NOP,BKN,4,10.5,6.08,FTM,FOU_B,-3,1,null,null,null,null,null,null,1,0,2,0,BKN
0022000022,2020-12-26,f1bed528-d66b-5220-9c0a-e319d2fc8328,ac15c03f-3609-578d-ae0f-8802df4aaecc,CHA,OKC,4,15.7,11.2,FTM,FGM3,-3,3,1,1,1,1,56.865343307,Corner,null,null,null,null,OKC
0022000334,2021-02-03,42618569-819e-52ce-888c-68a89d14b33a,f0d2e68b-dd0c-53b9-91bd-d3b4e08343c3,MIN,SAS,4,18.1,8.56,FTM,FOU_N,-3,0,null,null,null,null,null,null,1,0,null,null,SAS
0022000695,2021-03-27,fe22e98d-01ea-5475-bb18-071ae485ef39,970c3735-61ec-57b1-9c68-968afea6df0f,MIL,NYK,4,14.4,13.42,SLOB,FOU_N,-3,0,null,null,null,null,null,null,1,0,null,null,NYK
0022000106,2021-01-05,8d330aa4-b8ef-5797-9d45-c9f533e2598d,6b18dab6-21bf-5298-818a-c546a5a0342d,POR,CHI,4,4.7,1.08,SLOB,FGX3,-3,0,1,0,1,0,32.2760632846,ATB,null,null,null,null,CHI
0022000225,2021-04-23,fb8ac511-a428-5904-9518-244ea6724a03,035aa569-55ca-5dfe-be27-9cc482b2311a,POR,MEM,4,3.6,2.34,SLOB,FOU_B,-3,1,null,null,null,null,null,null,1,0,2,0,MEM
0022000891,2021-04-21,8d9607eb-0728-5d3c-bdc5-1b34e756e546,976fc6fb-d091-59f7-b8e6-8e7e6e172c13,MIN,SAC,4,1.4,0,SLOB,EPD,-3,0,null,null,null,null,null,null,null,null,null,null,SAC
0022000634,2021-03-19,424631d4-7747-5577-9072-cd34577aef27,60e997ea-bf23-5b2a-861f-e5184f21bb67,TOR,UTA,4,12.4,6.22,FTM,FGM,-3,2,1,1,0,0,75.0784943676,RA,null,null,null,null,UTA
0022000288,2021-01-29,b14ba702-7988-59e9-8eae-31908a132c6d,0e776b27-b647-53b8-8117-842d08c10810,IND,CHA,4,4.04,1.68,FGORB,Out of Bounds,-3,0,null,null,null,null,null,null,null,null,null,null,CHA
0022000797,2021-04-09,f38c6773-45e7-5fb0-a6b0-0dfd9340f6d4,1b88569d-cdac-58c9-a36c-7625e9b5aed2,SAS,DEN,4,16,10.74,SLOB,FOU_B,-3,2,null,null,null,null,null,null,1,0,2,0,DEN
0022000191,2021-01-16,f2aa113f-8af8-5d36-9708-93db953a5f10,403f9fdf-2c0e-5c71-a644-ea5460fec918,CHA,TOR,4,3.4,0.42,SLOB,FGX3,-3,0,1,0,1,0,22.7642604983,ATB,null,null,null,null,TOR
0022000874,2021-04-19,290e77f1-06af-563c-910c-a2d7e0a3c519,1cb3d59b-4fd0-5d5c-9573-ef8fc0e10fd5,DEN,MEM,5,20.48,12.08,FGDRB,FGM3,-3,3,1,1,1,1,44.6541713605,ATB,null,null,null,null,DEN
0022000065,2020-12-31,1a09edbd-680a-51e4-a4d1-39254aaa383b,360dc0e2-5055-56c8-ad97-8ffc89381de6,SAC,HOU,4,18.8,16.38,SLOB,FGM,-3,2,1,1,0,0,99.9,RA,null,null,null,null,HOU
0022000366,2021-02-07,ed9bbffe-74c8-5678-ad90-84ba2bb0dcaf,a24eaa7d-5478-5217-9987-7c21c5db9e29,LAC,SAC,4,8.38,2.08,DEFOB,FGM,-3,2,1,1,0,0,75.8660307503,RA,null,null,null,null,SAC
0022001080,2021-05-16,e23b2d40-e9d3-5251-b9a2-b80cb0b633f7,4bcd0817-ed10-5b3e-b170-1a91767d14c6,CHA,WAS,4,20.9,11.48,SLOB,FGX3,-3,0,1,0,1,0,45.984338429,ATB,null,null,null,null,WAS
0022000611,2021-03-16,4de85145-74ab-5a6a-acd4-7234a09d044a,cad6e0cd-78fa-5703-ac44-786242f6b828,NYK,PHI,4,11.64,8.48,FGORB,TO,-3,0,null,null,null,null,null,null,null,null,null,null,PHI
0022000720,2021-03-30,6e939030-799a-5b37-8ee0-22b1b2bba182,2de49539-0aea-5ab7-bc28-bf4b3fa6546e,LAC,ORL,4,19.2,14.86,FTM,FGX3,-3,0,1,0,1,0,46.0524745102,ATB,null,null,null,null,ORL
0022000504,2021-02-26,2cde27e4-a5db-57f6-90db-24396276e975,36442730-1de0-58c3-b300-cb144ae1dafb,DET,SAC,4,7.4,1.5,FTM,FGX3,-3,0,1,0,1,0,21.3042508564,ATB,null,null,null,null,SAC
0022000720,2021-03-30,526efd30-88a6-5bd9-beca-3e6c7b7f7df3,3215f03c-2da5-53a0-94b7-9d993defd218,LAC,ORL,4,8.98,4.9,TO,TO,-3,0,null,null,null,null,null,null,null,null,null,null,ORL
0022000065,2020-12-31,d0fea802-81ec-5bb5-b567-17f60a4b3151,dc3cf6ad-b67b-5bdf-857c-12240598c526,SAC,HOU,4,6.54,0,FGORB,FGX3,-3,0,1,0,1,0,24.6974539404,ATB,null,null,null,null,HOU
0022000334,2021-02-03,42618569-819e-52ce-888c-68a89d14b33a,a0dca90f-ad9c-5648-84c2-f1e1e07230db,MIN,SAS,4,8.5,2.92,SLOB,FGX3,-3,0,1,0,1,0,32.2112926984,ATB,null,null,null,null,SAS
0022000798,2021-04-09,0a43fff2-0102-5cda-8fbb-3b0c013e4190,ec974529-4209-578f-b0c9-8b3dead38b87,WAS,GSW,4,19.5,8.8,FTM,FGX3,-3,0,1,0,1,0,45.6997517395,ATB,null,null,null,null,WAS
0022000919,2021-04-26,8bb999e8-1877-5eea-b0e4-2a6b76e1db89,f1d4a9b9-945e-504f-8e87-ab7f0e9c93bf,WAS,SAS,5,0.88,0,FGORB,EPD,-3,0,null,null,null,null,null,null,null,null,null,null,SAS
0022000288,2021-01-29,b14ba702-7988-59e9-8eae-31908a132c6d,304d7c6a-8133-5087-8a88-8c853f464eb3,IND,CHA,4,20.44,8.7,DEFOB,FOU_N,-3,0,null,null,null,null,null,null,1,0,null,null,CHA
0022000655,2021-03-22,99d8ee73-71f3-57e1-9f8f-0c4d5f79dffe,8cfac140-7094-597f-b341-48b1f7498f15,SAS,CHA,4,8.3,5.56,SLOB,FGX3,-3,0,1,0,1,0,54.1169752893,ATB,null,null,null,null,CHA
0022000734,2021-04-01,796a8f48-f7a7-520a-913a-6d2483aa9e74,dc0f88e1-8ec3-5fae-86e6-78f64b9495f1,NOP,ORL,5,16.9,12.2,SLOB,FGX,-3,0,1,0,0,0,67.5551305866,RA,null,null,null,null,ORL
0022000449,2021-02-19,40a88bde-7ec5-568f-b60c-ce6af75feffa,700ae806-e322-50f3-95a4-ba7c40353868,GSW,ORL,4,16.4,3.66,FTM,FGX3,-3,0,1,0,1,0,49.3848102193,ATB,null,null,null,null,ORL
0022000798,2021-04-09,0a43fff2-0102-5cda-8fbb-3b0c013e4190,82df71a9-5b84-5359-9616-7d5131992fb7,WAS,GSW,4,8.8,6.16,FGORB,FGM3,-3,4,1,1,1,1,43.3006380744,Corner,1,1,1,1,WAS
0022000720,2021-03-30,6e939030-799a-5b37-8ee0-22b1b2bba182,0f34eb85-eae1-57c4-ab66-f8dd8887f831,LAC,ORL,4,14.86,9.46,FGORB,FGX3,-3,0,1,0,1,0,44.0883743162,Corner,null,null,null,null,ORL
0022000437,2021-02-17,b5d839a4-6bc8-57a6-8e4a-a6fa38fd26c8,8a53b0e0-6629-598e-a18a-021fe4807a6d,DEN,WAS,4,5.9,2.12,SLOB,FGM3,-3,3,1,1,1,1,41.92966749,ATB,null,null,null,null,WAS
0022000988,2021-05-04,29494330-7cd3-50b5-8d52-2c2d9e0c82f3,aa103568-2704-513d-bd2f-5591d9f88270,OKC,SAC,4,18.14,7.12,FGM,FGX3,-3,0,1,0,1,0,37.382908905,ATB,null,null,null,null,SAC
0022000033,2020-12-27,6fd8cdf4-9343-5afc-9bc5-3a58cf7b3c11,0326f5c0-5227-5817-929f-eaefacddb8a9,WAS,ORL,4,16.1,8.44,FTM,FGX3,-3,0,1,0,1,0,30.6702342875,ATB,null,null,null,null,ORL
0022001015,2021-05-08,ed2f7d2c-531a-5e1b-8cea-998381d87521,f1001af5-f6b4-5c37-b9f1-412bd2277e73,DEN,BKN,4,21,15.62,FTLINE,JMP,-3,0,null,null,null,null,null,null,null,null,null,null,BKN
0022000564,2021-02-17,6554eff7-f91f-5462-8a53-8869cdc37270,7c652d6c-241c-556e-8392-23129897c306,DET,CHI,4,7.9,0,FTDRB,FGX3,-3,0,1,0,1,0,22.7383642995,ATB,null,null,null,null,CHI
0022000331,2021-02-03,4be9c195-a6dd-587b-be5f-e36748eed2af,84d378bf-4b0b-5126-bdc0-624979f53b49,MIA,WAS,4,5.84,0,SLOB,FGX3,-3,0,1,0,1,0,39.440483953,ATB,null,null,null,null,WAS
0022000175,2021-01-14,b9410446-1094-575d-a031-28f13e7fa74e,2f897932-6743-5768-8e0e-585e0e9b9021,CHA,TOR,4,1.54,0,FGORB,FGX3,-3,0,1,0,1,0,23.4537558818,Corner,null,null,null,null,TOR
0022000967,2021-05-02,eb61fbb8-a1da-56ba-b0b1-9102f1559720,19390e95-a365-5865-8744-218f4b7111ac,BKN,MIL,4,3.6,1.06,SLOB,FGX3,-3,0,1,0,1,0,46.5089325449,ATB,null,null,null,null,MIL
0022000119,2021-01-07,e27a1ddb-3e02-587b-af89-5b4ed7bbbc30,b9e63724-2896-56b2-a734-596d64be7e42,MEM,CLE,4,10.6,3.22,SLOB,FGX3,-3,0,1,0,1,0,36.9925977952,Corner,null,null,null,null,CLE
0022000479,2021-02-22,d86434f3-4850-58e3-8556-3e410ffddb59,c21c9ccf-9d3a-56a7-891e-3cb4a5e22224,LAL,WAS,5,3.98,1.1,FGORB,FGX3,-3,0,1,0,1,0,21.6779686403,Corner,null,null,null,null,WAS
0022000465,2021-02-21,12f190fa-0313-54f9-83cc-c485d42c0a24,321c040a-f849-54e5-933e-76cadec4fe3c,BOS,NOP,5,8.3,5.28,FTDRB,FOU_B,-3,0,null,null,null,null,null,null,1,0,2,0,NOP
0022000695,2021-03-27,fe22e98d-01ea-5475-bb18-071ae485ef39,07f54cf4-0c71-561b-82f5-acbf074afebc,MIL,NYK,4,21.86,14.46,FGDRB,TMO,-3,0,null,null,null,null,null,null,null,null,null,null,NYK
0022000768,2021-04-05,bb035f1a-aa34-58ac-adbb-7987328c94fd,7580524c-7ed8-5410-9157-fec3d40fc647,HOU,PHX,4,5,3.5,SLOB,FOU_B,-3,2,null,null,null,null,null,null,1,0,2,0,PHX
0022001015,2021-05-08,ed2f7d2c-531a-5e1b-8cea-998381d87521,f08e011d-2246-5996-a03c-d215f2b91ede,DEN,BKN,4,15.3,11.78,JMP,FGX,-3,0,1,0,0,0,31.3222155118,NRA,null,null,null,null,BKN
0022000709,2021-03-29,737f5347-749e-5e3c-abd0-c3793ca4026a,4c358dab-fd7e-5643-8313-f28616fc034e,MIN,BKN,4,14,9.38,SLOB,FGX3,-3,0,1,0,1,0,31.3150667682,ATB,null,null,null,null,BKN
0022000637,2021-03-19,2f899fc3-269a-5e9b-9601-724d9d10251f,9e36692e-32f1-55c4-8cc0-458a3af197b8,DEN,CHI,4,16,0.46,FTM,FGM3,-3,3,1,1,1,1,55.5162542038,Corner,null,null,null,null,DEN
0022000666,2021-03-23,58baaada-dc51-510e-843d-7ff526e0e060,bf4de384-6fad-53f2-a404-a25a6152b74a,POR,BKN,4,15.24,7.88,TO,FOU_B,-3,1,null,null,null,null,null,null,1,0,2,0,BKN
0022000142,2021-01-10,355b3398-cdec-51cc-894f-39f0b0f8307f,2e640e1b-24da-57e3-9c51-f26fc0d7182e,CHI,LAC,4,15.2,6.14,FTM,FGX3,-3,0,1,0,1,0,37.312354517,ATB,null,null,null,null,LAC
0022000919,2021-04-26,8bb999e8-1877-5eea-b0e4-2a6b76e1db89,25dbe293-0253-566c-8620-10e691c88dc5,WAS,SAS,5,5.3,0.88,SLOB,FGX3,-3,0,1,0,1,0,35.8591173835,ATB,null,null,null,null,SAS
0022000503,2021-02-25,6e6eb9d4-e787-5a93-a19f-cbaa38b5d0b8,c01f40be-c7cd-5f8a-b1f4-a5f40f9a8f5c,NOP,MIL,4,13.04,2.68,TO,TO,-3,0,null,null,null,null,null,null,null,null,null,null,MIL
0022000496,2021-02-24,362830ae-c351-5fca-a90e-4cca79f2a62e,d531d479-6844-5d6e-bdbc-472bd96a9d6e,PHX,CHA,4,1.2,0,FTLINE,FGX3,-3,0,1,0,1,0,35.0271675911,ATB,null,null,null,null,CHA
0022000734,2021-04-01,796a8f48-f7a7-520a-913a-6d2483aa9e74,64b27979-aaf1-5cdf-8c2d-5a56a375067e,NOP,ORL,5,12.2,4.92,FGORB,FGX3,-3,0,1,0,1,0,28.9111827579,ATB,null,null,null,null,ORL
0022000923,2021-04-26,2d6b963a-11fe-5591-afea-2d638cde4832,67aef284-92ea-5d97-a966-1b2c6732c9dc,UTA,MIN,4,15.6,12.34,FTM,FOU_B,-3,1,null,null,null,null,null,null,1,0,2,0,MIN
0022001030,2021-05-10,3af64869-b5be-5b67-be8b-accd71b08b97,2e3d4b35-41a8-5047-936a-0ede392097f2,UTA,GSW,4,5.4,0.18,SLOB,FGX3,-3,0,1,0,1,0,30.1553518188,Corner,null,null,null,null,GSW
0022000997,2021-05-06,3f26b93e-add6-52d7-86be-3981ec4d56f9,3b8733bd-120b-5ade-a2da-c8e7f7d77a36,TOR,WAS,4,15.1,10.78,SLOB,FGM,-3,2,1,1,0,0,71.8616018867,RA,null,null,null,null,WAS
0022000634,2021-03-19,e47d96fc-ea18-5dec-a80b-27d433a52485,2d3d92bf-5c5e-5702-ab26-e946a28ab367,TOR,UTA,4,3.54,0.6,DEFOB,FGX3,-3,0,1,0,1,0,33.7202864428,ATB,null,null,null,null,UTA
0022200725,2023-01-25,3712b37c-3234-514b-9521-8e0e2453190f,b8509d03-89b8-5a7a-b559-eeca2979751f,OKC,ATL,4,14.5,9.04,FTM,FGX,-3,0,1,0,0,0,60.4069286232,RA,null,null,null,null,ATL
0022200568,2023-01-04,3995002b-11cd-575c-ac66-ac2cec02776f,8e488899-495c-5772-9e47-062fb4a0b094,SAS,NYK,4,3.5,0,SLOB,EPD,-3,0,null,null,null,null,null,null,null,null,null,null,NYK
0022200888,2023-02-23,3f5d612e-e263-5b83-966f-9a6dc7ea3bde,bc1fbd3b-c0f6-5406-a287-5aafc808ac53,DET,ORL,4,16.9,9.56,SLOB,FGM,-3,2,1,1,0,0,44.7543633232,NRA,null,null,null,null,ORL
0022200795,2023-02-04,950e7440-2032-5f72-bb56-a3ff4e3f2fcb,b7134e06-1c4c-55c0-80ec-a062fa48d0c1,LAC,NYK,4,18.92,5.68,FGM,FGX3,-3,0,1,0,1,0,46.6069458704,ATB,null,null,null,null,LAC
0022200453,2022-12-19,e08a7830-9a97-5cc4-aaf3-25891c8b3a47,8fa7acd8-e9a6-55a0-aa37-e2fbf3236b70,TOR,PHI,5,12.2,10.18,SLOB,FOU_N,-3,0,null,null,null,null,null,null,1,0,null,null,PHI
0022200730,2023-01-26,e0363e97-9e8d-502c-af52-9e36fb5126bc,567aa337-668c-50b8-b43f-c22aa83b9f0e,BOS,NYK,5,2.04,0,FGORB,FGX3,-3,0,1,0,1,0,32.6695640209,ATB,null,null,null,null,NYK
0022200563,2023-01-03,ca5228aa-bc88-5e0a-82a3-bb46897ddfdd,7feb8ca4-8c21-5ac8-84fb-4054ad60a555,UTA,SAC,4,21.14,16.12,SLOB,FOU_S,-3,3,0,0,0,0,null,ATB,1,1,3,3,SAC
0022200169,2022-11-09,806c5dfe-2404-54c5-8fa7-543305be7776,770b0c33-64f4-5e8a-ad1d-225edc7a22e0,SAS,MEM,5,17.1,14.38,TO,FGM,-3,2,1,1,0,0,76.8161204357,RA,null,null,null,null,MEM
0022200638,2023-01-13,8ae8371e-5fa9-5645-940e-933eeeb5ce0a,741a4650-7025-5c37-a67c-c4621c98b8e0,ORL,UTA,4,11.8,5.86,FTM,FGX3,-3,0,1,0,1,0,38.5599439316,ATB,null,null,null,null,UTA
0022200542,2022-12-31,9caefdb3-8aff-5f4d-aa1b-6ae11abdf9b2,ec5cd5fc-dad9-5295-b18f-439f95567302,SAS,DAL,4,4.5,3.68,SLOB,FOU_B,-3,1,null,null,null,null,null,null,2,0,4,0,DAL
0022200500,2022-12-26,739bbbde-a235-5cbe-8fef-9458e344a8b0,4ee470ed-df11-55df-86c4-06ea96f52ea1,MIN,MIA,4,2.5,2.4,SLOB,TO,-3,0,null,null,null,null,null,null,null,null,null,null,MIA
0022201052,2023-03-17,43b95de4-f6aa-53cd-a9ac-10e80ecf84c3,ff94cc91-b087-5416-99d4-5319f90e0da7,MEM,SAS,4,7.84,1.8,TO,FGM3,-3,3,1,1,1,1,50.1808728175,Corner,null,null,null,null,MEM
0022200058,2022-10-26,ef52893d-c8f4-5603-9c05-febbdf3d6e25,1fa6df78-0f32-56bd-ba52-b8cae24abd6a,CHA,NYK,5,12.9,8.08,BLOB,FGX,-3,0,1,0,0,0,32.724629549,NRA,null,null,null,null,NYK
0022200598,2023-01-08,e6aa02a5-7707-548c-8795-6f9469a19287,dd54a3e8-4987-5e1d-8956-78e2e849922f,CHA,IND,4,21.8,12.34,FTM,FGX,-3,0,1,0,0,0,67.2032589283,RA,null,null,null,null,IND
0022200567,2023-01-04,a121360b-dbb4-5dcc-81cb-59bb80a983f2,ed6b0773-1dce-5e76-b274-7d6487584f6a,IND,PHI,5,3.44,1.46,SLOB,FGX3,-3,0,1,0,1,0,11.1729115248,ATB,null,null,null,null,PHI
0022200155,2022-11-07,209b406c-6c7d-5307-a74a-941349be17ec,139d574f-6793-5257-88e7-7af50391eaad,BKN,DAL,4,6.7,5.68,SLOB,FOU_S,-3,1,0,0,0,0,null,ATB,1,1,3,3,DAL
0022200864,2023-02-13,fab9e28b-d215-52cb-a64a-d0610ba0c607,520d8d82-a70a-55e5-bcc2-2031ae3bfbef,OKC,NOP,4,3.8,3.02,SLOB,TO,-3,0,null,null,null,null,null,null,null,null,null,null,NOP
0022200923,2023-02-28,962495b5-324f-5d62-a369-aa9d3598aa97,0c215c3f-aabf-5f75-9a7e-a342863a6fe5,ATL,WAS,4,2.64,0,FGORB,FGX3,-3,0,1,0,1,0,41.4488282354,ATB,null,null,null,null,WAS
0022200546,2022-12-31,d0231294-1a89-5b78-b81d-e4d09467f978,19cb772b-637a-5357-9718-f4aa9d48456c,UTA,MIA,4,12.14,6.4,SLOB,FOU_S,-3,3,0,0,0,0,null,ATB,1,1,3,3,MIA
0022200207,2022-11-15,016f4782-6db1-5134-b9f1-61412288a465,518ece1b-c908-5318-bb2e-14e59d5388e8,LAC,DAL,4,7,4.22,SLOB,FOU_B,-3,1,null,null,null,null,null,null,1,0,2,0,DAL
0022201149,2023-03-31,756c43e7-e49b-5616-b711-3baa8623f77b,75cd23fb-cbda-5eb4-aac8-4bf2666a4769,OKC,IND,4,7.3,6.8,SLOB,FOU_B,-3,2,null,null,null,null,null,null,1,0,2,0,IND
0022200389,2022-12-10,a67a49dc-4a10-57d7-b358-a54f6054bc05,8eba0240-cd52-59c7-8476-0bb742b01cb5,WAS,LAC,4,23.8,18.5,SLOB,FGX3,-3,0,1,0,1,0,30.4164139473,ATB,null,null,null,null,LAC
0022200221,2022-11-17,f8641f44-daf0-5ecf-91cb-8a2151940f3d,ae79f2d9-4b6b-5e60-9c03-bad76f84dc77,POR,BKN,4,14.9,6.56,FTM,FGM,-3,3,1,1,0,0,59.722874157,RA,1,1,1,1,BKN
0022200512,2022-12-27,7fc9a4e0-586d-53e1-a9ab-eccf9173d818,00b8af33-d52b-575b-a678-ab7308ba2161,DAL,NYK,4,7.7,4.24,FTM,FOU_B,-3,1,null,null,null,null,null,null,1,0,2,0,DAL
0022200225,2022-11-18,8dfa8910-255b-59fd-a876-510c73f9bb60,f86e9c7f-a76f-536b-acde-70706895a66a,CHA,CLE,4,3.66,2.9,TO,TMO,-3,0,null,null,null,null,null,null,null,null,null,null,CLE
0022200567,2023-01-04,a121360b-dbb4-5dcc-81cb-59bb80a983f2,ac1e4a6b-16f0-55a3-bc45-d16c834f127e,IND,PHI,5,4.1,3.48,SLOB,FOU_N,-3,0,null,null,null,null,null,null,1,0,null,null,PHI
0022200690,2023-01-20,bd471bcd-a727-5789-833b-0e3c63ce4d45,7572e2c6-7e1e-5042-80a4-87d299ebf80b,LAL,MEM,4,17.8,12.94,SLOB,FOU_S,-3,2,0,0,0,0,null,NRA,1,1,2,2,LAL
0022200453,2022-12-19,e08a7830-9a97-5cc4-aaf3-25891c8b3a47,eb9b17b8-861f-5a05-a0e3-3da46b66a8a9,TOR,PHI,5,10.18,0,SLOB,FGX3,-3,0,1,0,1,0,29.2755339775,ATB,null,null,null,null,PHI
0022200219,2022-11-16,7e7bde81-ea3a-5785-96a2-b38a90826d42,a947afc9-7b3b-5815-8810-bd8faec36aa6,DEN,NYK,4,10.5,1,SLOB,FGX3,-3,0,1,0,1,0,37.3864541309,ATB,null,null,null,null,NYK
0022201164,2023-04-02,0fab5681-45c4-56fd-9d0c-5444896e943a,d5372ff7-89c3-5879-a60d-d79d2eed9b01,UTA,BKN,4,10.3,7.96,SLOB,FOU_B,-3,2,null,null,null,null,null,null,1,0,2,0,BKN
0022200232,2022-11-18,e5c66f92-0954-535d-85f2-26e19583c3ba,b53ddcd6-6d00-5aa4-b948-8824edf23a43,PHX,UTA,4,11.16,4.86,FGDRB,TMO,-3,0,null,null,null,null,null,null,null,null,null,null,UTA
0022200053,2022-10-25,40c8c2be-ed4c-5407-9f0c-10f68a4f277e,f666ddba-5250-55b1-8d8f-2f0779a4dcce,DAL,NOP,4,11.94,4.08,FGDRB,FGM,-3,2,1,1,0,0,56.2143030338,RA,null,null,null,null,NOP
0022200864,2023-02-13,fab9e28b-d215-52cb-a64a-d0610ba0c607,2915670d-72bf-53b4-89e3-9eb2c93d7b97,OKC,NOP,4,3.02,0,SLOB,FGX3,-3,0,1,0,1,0,26.3878475418,ATB,null,null,null,null,NOP
0022200993,2023-03-09,efabef60-9d3a-5cff-bc7f-1db4d67fbf32,357332cf-0717-5380-9614-277785511f82,HOU,IND,4,7,4.06,SLOB,FGM3,-3,3,1,1,1,1,20.0467581096,ATB,null,null,null,null,IND
0022201210,2023-04-07,e8ac6638-b1c9-5236-9da1-8991bd65a2bc,074c1504-366b-52f2-996c-8cab28f7078c,DAL,CHI,4,23.6,19.78,SLOB,FGX3,-3,0,1,0,1,0,38.7201414542,ATB,null,null,null,null,CHI
0022200009,2022-10-19,3da55084-f39e-568a-97df-d5ce0ec6d60b,3c832707-7da3-570f-ad67-ea3a33f53e12,NYK,MEM,5,3.2,0,SLOB,FGX3,-3,0,1,0,1,0,47.4061851254,Corner,null,null,null,null,MEM
0022200362,2022-12-06,251f891b-cdc9-567b-8eb4-0a5ff8cc1bba,6caa5b8f-3c1f-5029-89d6-382927a0c948,DEN,DAL,4,10.94,6.36,FTM,FOU_B,-3,2,null,null,null,null,null,null,1,0,2,0,DAL
0022200310,2022-11-29,f66e9c8a-63c4-5df6-b53e-a332f380e976,570f4b2c-78fa-5a86-be37-bd988ba38280,GSW,DAL,4,4.1,1.2,SLOB,FGX3,-3,0,1,0,1,0,56.1476721854,ATB,null,null,null,null,DAL
0022200569,2023-01-04,33dc18b6-8003-5448-a06f-4277d7613ecb,dab50cd8-6614-56e9-b176-3857dedbbdf2,TOR,MIL,4,13.9,0.84,SLOB,FGM3,-3,3,1,1,1,1,44.7604685683,ATB,null,null,null,null,MIL
0022201007,2023-03-11,b6411d10-00bb-5f7c-b34f-63a0f11ce056,48938063-6d54-50a3-a465-c78fc29e934f,MIA,ORL,4,5,0,SLOB,FGM3,-3,3,1,1,1,1,13.6891690947,ATB,null,null,null,null,ORL
0022200237,2022-11-19,345bc1e6-8b6b-5bfe-b572-987a49bcf765,ac9324f6-14f3-5a5b-9e08-4a8828b9e8aa,PHI,MIN,4,4.1,0.72,SLOB,FGX3,-3,0,1,0,1,0,34.9607287216,Corner,null,null,null,null,MIN
0022200743,2023-01-28,3cb78faf-5a26-5464-a5fa-20247781aa2d,318e8f19-66ae-5a9a-a0b7-6cc5ad701fb0,DET,HOU,4,8,1.22,FTM,FGX3,-3,0,1,0,1,0,27.2008638318,ATB,null,null,null,null,HOU
0022200100,2022-10-31,fa4d7cd8-86df-580d-86a4-24e3d3ec7a46,5e6065ad-ab3d-5fb5-8e40-081d95431ac4,DET,MIL,4,17,5.72,TO,FGX3,-3,0,1,0,1,0,46.6754994121,ATB,null,null,null,null,MIL
0022201210,2023-04-07,674ae62e-e199-5602-ac47-39087ef798a9,2acb0958-e72b-58d5-a095-3d9f1f053eb0,DAL,CHI,4,9.22,4.54,SLOB,FGX3,-3,0,1,0,1,0,25.0641966119,ATB,null,null,null,null,CHI
0022201202,2023-04-07,7b26093b-38be-5000-812f-1d33d9697c56,08638e29-7fdd-591e-ad87-df373457fdab,CHA,HOU,4,8.8,0,FTDRB,FGX3,-3,0,1,0,1,0,26.3603928452,ATB,null,null,null,null,HOU
0022200155,2022-11-07,000c0eb8-c6e6-5a22-bbf1-c655c698ab0a,8c96d38c-66b5-53f8-89cd-936ba2b6695b,BKN,DAL,4,13.8,11.06,SLOB,FOU_B,-3,2,null,null,null,null,null,null,1,0,2,0,DAL
0022200117,2022-11-02,abadd244-b16d-539c-ab6f-4ae0f5bc07b8,f961b8c6-769a-5d03-8ea8-805c73c44914,LAL,NOP,4,1.3,0,SLOB,FGM3,-3,3,1,1,1,1,32.0052370141,Corner,null,null,null,null,LAL
0022200999,2023-03-10,df4d1533-0996-54bf-a29a-9014c1f03c9b,7922ab66-9768-5f13-a812-a907dfad2f5f,WAS,ATL,4,19.5,14.68,SLOB,FGX,-3,0,1,0,0,0,70.7538824043,RA,null,null,null,null,ATL
0022200009,2022-10-19,3da55084-f39e-568a-97df-d5ce0ec6d60b,fdea443c-6372-526c-8c16-63a9f6a6a78f,NYK,MEM,5,4,3.22,SLOB,FOU_N,-3,0,null,null,null,null,null,null,1,0,null,null,MEM
0022201121,2023-03-26,fe95bed8-a7e7-5655-9d0b-0dbc470e1e57,9b8f930e-997f-547f-b38f-8786c95bb160,GSW,MIN,4,2.4,2.08,SLOB,FOU_N,-3,0,null,null,null,null,null,null,1,0,null,null,MIN
0022200848,2023-02-11,faffe285-d5e4-5b50-a843-6f14cd167a92,4b4d32e8-6b39-50b8-8d24-a77427bf5aeb,ORL,MIA,5,10.96,10.48,SLOB,Out of Bounds,-3,0,null,null,null,null,null,null,null,null,null,null,MIA
0022200058,2022-10-26,ef52893d-c8f4-5603-9c05-febbdf3d6e25,1261e9bf-11ac-5d0e-9a9b-2b7994c86d10,CHA,NYK,5,8.08,5.6,BLOB,FGM,-3,2,1,1,0,0,34.8705188875,Mid,null,null,null,null,NYK
0022200497,2022-12-25,1b70a57c-8975-52f8-b173-4a714bd6eeb0,81391dd8-af34-5a24-a00e-bfd8de0e1f83,PHX,DEN,5,11.8,8.82,SLOB,FGX3,-3,0,1,0,1,0,36.6964623506,Corner,null,null,null,null,DEN
0022200417,2022-12-14,e98072b5-c421-5d2b-8a09-270901bc06ae,f5e34a51-e72c-52e8-9a06-c67fbe0797de,TOR,SAC,4,5.9,2.2,SLOB,FGX3,-3,0,1,0,1,0,51.6752480907,ATB,null,null,null,null,SAC
0022200552,2023-01-02,4cd9dff1-3d72-5fd9-ab46-da8f00300bc0,3c6c521c-9035-556d-96c8-e12a4a2b75a0,CLE,CHI,4,18.6,8.94,SLOB,FGM,-3,2,1,1,0,0,31.4632946415,NRA,null,null,null,null,CLE
0022200155,2022-11-07,209b406c-6c7d-5307-a74a-941349be17ec,7b350c55-e4d9-5c95-91b4-6615f8963162,BKN,DAL,4,9.8,6.74,FTM,VIO,-3,0,null,null,null,null,null,null,null,null,null,null,DAL
0022200134,2022-11-05,f2974160-25cd-588c-b88e-0851d3654172,23403fde-2613-5d95-afbb-04f04dcea312,NOP,ATL,5,1.56,0.44,SLOB,TO,-3,0,null,null,null,null,null,null,null,null,null,null,ATL
0022200869,2023-02-14,1741a9d3-9ccc-5c70-912a-47a73f33e9a3,dd465521-a57d-5ada-a7c9-0dd34493e500,BOS,MIL,4,7.4,3.08,SLOB,FGM3,-3,3,1,1,1,1,27.5437542064,ATB,null,null,null,null,MIL
0022100977,2022-03-08,f68c692b-0bb8-5460-874a-399c48a8702e,2328f2ac-6134-560d-b57f-54c3f0f291e0,ORL,PHX,4,12.7,10.92,SLOB,FOU_B,-3,2,null,null,null,null,null,null,1,0,2,0,PHX
0022200764,2023-01-31,eebfa9bd-5184-5e0e-8f78-803994feefb1,adb9318a-a1c4-5bb5-984d-cb0cec2761bb,CLE,MIA,4,7.3,0,FTM,FGX3,-3,0,1,0,1,0,21.4153377914,ATB,null,null,null,null,MIA
0022101220,2022-04-10,82b41e9f-f205-5753-aa9e-b8df22ba42be,b5672646-aaae-5215-bc50-3547138e467a,DEN,LAL,5,18.5,8.7,FGDRB,FGX3,-3,0,1,0,1,0,36.5010116208,ATB,null,null,null,null,LAL
0022200426,2022-12-15,ddd01745-51f6-5de8-8167-f4162a90a999,c55382f1-8f85-57fd-b787-c0e20a57d89f,NOP,UTA,4,12.6,8.9,SLOB,FGX3,-3,0,1,0,1,0,43.4998137832,ATB,null,null,null,null,UTA
0022200816,2023-02-07,24777f3c-c141-54cd-bee6-7d29fcac804e,9b3525fc-518b-5b1a-bdc7-e0f7b736ef67,ORL,NYK,4,16,10.1,SLOB,FGM,-3,2,1,1,0,0,99.9,RA,null,null,null,null,NYK
0022200258,2022-11-22,80170944-8fa6-5589-8d1c-075ffcf3fa2e,5a5601a9-ab76-5f15-b2bf-d23a476587e9,DEN,DET,4,8.2,2.3,FTM,FOU_B,-3,1,null,null,null,null,null,null,1,0,2,0,DET
0022200780,2023-02-02,f65f1c1d-f9b9-5080-a077-82541f550980,de6646b4-6346-5766-8770-ab841e5b395f,MIA,NYK,4,19.04,12.48,TO,TO,-3,0,null,null,null,null,null,null,null,null,null,null,NYK
0022201180,2023-04-04,641c05e0-5076-5064-9f6f-543f753cda01,b669ba15-0b6f-56dd-a5db-99c9d7c68a46,BKN,MIN,4,8.74,4.6,SLOB,FGX3,-3,0,1,0,1,0,39.572971776,Corner,null,null,null,null,MIN
0022100013,2021-10-20,8434420c-7534-5269-8a78-ee72323eb848,9f6bce80-d62c-5f03-83e7-870a1e8ed6ae,POR,SAC,4,8.8,0,FTM,FGX3,-3,0,1,0,1,0,30.819270077,ATB,null,null,null,null,SAC
0022200698,2023-01-21,f15b7948-e03d-52b3-86a5-da38421f3652,8eb72ca4-45a7-561b-9457-b5469b7852d7,SAC,PHI,4,4.3,2.96,SLOB,FOU_S,-3,1,0,0,0,0,null,ATB,1,1,3,3,PHI
0022200277,2022-11-25,35b8384b-94c3-572d-a6ee-ab176b132af3,a3dddd3b-2dbc-56e9-a921-9d86d5a48986,WAS,MIA,4,21.4,18.18,SLOB,FGM,-3,2,1,1,0,0,89.4902389011,RA,null,null,null,null,MIA
0022200874,2023-02-15,dacdc303-d71f-511e-b7e3-f91b4bbb9538,54a3ebe7-f66b-5bd2-a4e2-4da8e1b9d58a,CHI,IND,4,8.9,7.76,SLOB,FOU_B,-3,1,null,null,null,null,null,null,1,0,2,0,IND
0022200889,2023-02-23,b9510f97-39aa-5192-9b9a-204818429666,e477c6b6-6c56-5400-ba24-ba69644a746a,MEM,PHI,4,14,11,FGORB,FGX3,-3,0,1,0,1,0,30.4544787784,Corner,null,null,null,null,PHI
0022200445,2022-12-18,8f306922-58c3-5589-be0c-20a31795e5a8,fa3d1e25-1845-5e65-94b4-4f1fbb07e0f6,BOS,ORL,4,5.3,0.44,SLOB,FGX3,-3,0,1,0,1,0,28.9011034412,Corner,null,null,null,null,ORL
0022200277,2022-11-25,c0fd544e-eef2-5e8f-aa1f-fec7d7d54151,0ddc9a2c-0f23-5da6-b540-9bde4ed4bcab,WAS,MIA,4,12.5,0,FTM,FGX3,-3,0,1,0,1,0,30.3449356706,ATB,null,null,null,null,MIA
0022200848,2023-02-11,faffe285-d5e4-5b50-a843-6f14cd167a92,1661dda4-1e48-57fb-8812-7bfa9895e135,ORL,MIA,5,18.56,10.96,FGDRB,TMO,-3,0,null,null,null,null,null,null,null,null,null,null,MIA
0022200150,2022-11-07,1aca7ac5-34f4-5aca-891f-a37493dd2b47,4c083e39-ebe7-5766-920c-6dc64306379a,MIA,POR,4,8.5,6.28,SLOB,FGM3,-3,3,1,1,1,1,47.904029736,Corner,null,null,null,null,POR
0022200558,2023-01-02,95fbdb12-335e-593c-a7a4-19a7daff739d,9410fdf4-56af-5f07-b169-f49a1cd01277,GSW,ATL,4,6.68,2.88,FGORB,FGX3,-3,0,1,0,1,0,43.4460449424,Corner,null,null,null,null,GSW
0022201086,2023-03-22,b267a990-87da-5697-8ad3-fb5ded02ffda,b36f0b4a-038f-5ae7-ba6f-3bc1039db938,DAL,GSW,4,8.54,3.56,SLOB,FGX,-3,0,1,0,0,0,68.2936968975,RA,null,null,null,null,GSW
0022201000,2023-03-10,5cf4d585-8ff2-5c1a-be99-ebd3aad1b27a,2c4a37c5-7b97-5fba-a0d2-a7b3ae488352,CLE,MIA,4,18,10.42,SLOB,FOU_S,-3,2,0,0,0,0,null,RA,1,1,2,2,MIA
0022200343,2022-12-03,f07b4a97-5b38-568d-9c00-8139deb18982,6a8144ae-5630-55e0-a22a-d18300302678,UTA,POR,4,6.4,4.66,FTM,FGX3,-3,0,1,0,1,0,31.0402982426,ATB,null,null,null,null,POR
0022200714,2023-01-24,6f3edfdf-80ba-56e7-98ff-adb4d51acbdb,e14faa1a-1328-57c1-ae27-a8d605d7676b,BOS,MIA,4,0.6,0,SLOB,FGX3,-3,0,1,0,1,0,37.4064073913,ATB,null,null,null,null,MIA
0022200854,2023-02-11,79bef35e-6dcc-5619-9bcf-56be11373800,5d618bc8-8aeb-546d-ad24-82eca882905e,DAL,SAC,5,18.4,12.34,SLOB,FGX3,-3,0,1,0,1,0,30.5897695692,ATB,null,null,null,null,SAC
0022200923,2023-02-28,962495b5-324f-5d62-a369-aa9d3598aa97,e1378607-415f-5478-bc7e-1685e229a4c0,ATL,WAS,4,8.9,2.64,SLOB,FGX3,-3,0,1,0,1,0,47.6739112587,ATB,null,null,null,null,WAS
0022200888,2023-02-23,5d079926-1b0c-540c-99c7-5f4783e20746,48a6a26e-818b-5674-928f-4a6b1ec2f94c,DET,ORL,4,8.7,4.48,SLOB,FGM3,-3,3,1,1,1,1,36.0416460271,ATB,null,null,null,null,ORL
0022200730,2023-01-26,e0363e97-9e8d-502c-af52-9e36fb5126bc,adf752db-36b7-55d0-b1bb-f011c5e9f024,BOS,NYK,5,5.7,2.04,SLOB,FGX3,-3,0,1,0,1,0,31.9489119737,ATB,null,null,null,null,NYK
0022201225,2023-04-09,ae5ce2dc-3761-5e47-9428-1889f8c904bf,34cb4a79-a026-5be7-8404-477b120c71ec,NOP,MIN,4,10.72,4.68,BLOB,FGX3,-3,0,1,0,1,0,27.633641397,ATB,null,null,null,null,MIN
0022200156,2022-11-07,8a30d029-b220-5ee3-8d3b-19dee8776010,743b2434-7bf2-5ab0-ae79-8e12390bdc22,SAC,GSW,4,1.3,0,SLOB,FGX3,-3,0,1,0,1,0,16.3838792592,ATB,null,null,null,null,GSW
0022200486,2022-12-23,5d1f761a-c75d-5cff-b082-76bf93b62ac2,e1e4c0fe-2a8e-5878-814f-e270046da2eb,MIA,IND,4,16.94,14.08,SLOB,FGM3,-3,3,1,1,1,1,56.180181241,ATB,null,null,null,null,IND
0022200382,2022-12-09,fadcb1e8-9afc-566f-8315-47b204abbb86,ccd2f93c-b502-537e-8c86-8544f09ab92b,LAL,PHI,4,10.5,9.2,SLOB,FOU_S,-3,2,0,0,0,0,null,ATB,1,1,3,3,PHI
0022200117,2022-11-02,6b3a2b1f-eee2-5623-96ff-f62551cedcf5,3c7f1524-3d29-5582-a246-48f60e54e227,LAL,NOP,4,7.8,3.06,SLOB,FGX3,-3,0,1,0,1,0,57.6796704712,Corner,null,null,null,null,LAL
0022100013,2021-10-20,8e5b0ae6-823d-54fa-a86a-ee66e73cccfd,e8a9ff75-9ed6-5965-b07a-32bcc057315e,POR,SAC,4,13.78,11.14,TO,FGM,-3,2,1,1,0,0,59.907785471,RA,null,null,null,null,SAC
0022200026,2022-10-21,5aa56336-7edc-5296-b6a2-6a2332789e30,cf811ec2-053a-5208-9df9-9f7227f0d6fa,GSW,DEN,4,13,8.7,SLOB,FGX3,-3,0,1,0,1,0,41.3153513761,ATB,null,null,null,null,DEN
0022200084,2022-10-29,527a86e7-b791-56fb-8da8-89fe8fdcd969,830cf8bf-e8a8-54e0-b0cb-1c1865197850,CHI,PHI,4,18.1,13.76,SLOB,FGX,-3,0,1,0,0,0,55.0351808872,RA,null,null,null,null,PHI
0022200558,2023-01-02,95fbdb12-335e-593c-a7a4-19a7daff739d,de30fc91-3dc1-5fca-905e-5591acdf0cf6,GSW,ATL,4,9.5,6.68,SLOB,FGX,-3,0,1,0,0,0,34.8403119488,Mid,null,null,null,null,GSW
0022200865,2023-02-13,1f543943-2429-5f2b-b1be-d6b9c3c72763,6e910e3b-5c4d-5e89-8a2d-9548612e0526,DAL,MIN,4,14.8,3.42,SLOB,TO,-3,0,null,null,null,null,null,null,null,null,null,null,MIN
0022200225,2022-11-18,8dfa8910-255b-59fd-a876-510c73f9bb60,86c3d2b4-2789-5d9e-8126-340760d906fe,CHA,CLE,4,2.8,0.58,SLOB,FGM3,-3,3,1,1,1,1,38.7436180902,Corner,null,null,null,null,CLE
0022200805,2023-02-05,b2770aca-0edf-5470-b6da-50d44d5bde5e,122f444a-9f45-5ce6-976d-740a4a0409f4,MEM,TOR,4,9.1,3.36,SLOB,FGX3,-3,0,1,0,1,0,27.8413187642,ATB,null,null,null,null,TOR
0022200115,2022-11-02,5fbcf379-cdca-5039-bcd1-62f31ad31bdd,6fe4101c-aad2-5586-9920-b0df46fccbed,UTA,DAL,4,3.1,0.92,SLOB,FGX3,-3,0,1,0,1,0,27.689347465,Corner,null,null,null,null,DAL
0022200286,2022-11-26,35e7086a-87f8-5e9e-948d-984440faf02d,574807df-bafd-58e4-9a1b-5b7fa9ccd24a,DAL,TOR,4,16.64,7.7,SLOB,TO,-3,0,null,null,null,null,null,null,null,null,null,null,TOR
0022201210,2023-04-07,674ae62e-e199-5602-ac47-39087ef798a9,7baea5df-1193-524f-8729-d5f98fb939c1,DAL,CHI,4,4.54,0,FGORB,FGX3,-3,0,1,0,1,0,33.6923806515,Corner,null,null,null,null,CHI
0022201046,2023-03-16,431cd2f9-7b69-5831-bcdb-6bb1c0738fb4,09609e9b-2740-5227-be9e-fc1957edebe5,ORL,PHX,4,6.1,3.4,SLOB,FGX3,-3,0,1,0,1,0,21.2427492177,ATB,null,null,null,null,PHX
0022200556,2023-01-02,073d8c35-da7f-5289-9955-4b446ce974ba,15493283-d04c-59ff-a9f2-0ba1d7739ab3,HOU,DAL,4,10.5,7.08,SLOB,FOU_B,-3,0,null,null,null,null,null,null,1,0,2,0,DAL
0022200232,2022-11-18,e5c66f92-0954-535d-85f2-26e19583c3ba,52573a36-b18a-5506-9e1f-5a24f54d8a86,PHX,UTA,4,4.8,1.74,SLOB,FGX3,-3,0,1,0,1,0,17.0079089534,ATB,null,null,null,null,UTA
0022200009,2022-10-19,d70e2dbd-ff76-515b-8049-01692ea98f22,7ad795a7-beb4-5226-82fe-ff08c0f5fa37,NYK,MEM,4,8.4,3.06,SLOB,FGM3,-3,3,1,1,1,1,39.092434649,Corner,null,null,null,null,MEM
0022200497,2022-12-25,1b70a57c-8975-52f8-b173-4a714bd6eeb0,38056a1e-4137-5436-ba32-a1244173321b,PHX,DEN,5,8.82,5.18,FGORB,TO,-3,0,null,null,null,null,null,null,null,null,null,null,DEN
0022200889,2023-02-23,b9510f97-39aa-5192-9b9a-204818429666,8a1e0238-7666-5a3e-bd61-ea16d83be346,MEM,PHI,4,23.3,18.2,SLOB,FGX3,-3,0,1,0,1,0,58.6975116277,ATB,null,null,null,null,PHI
0022200848,2023-02-11,faffe285-d5e4-5b50-a843-6f14cd167a92,4467fad6-e29a-5710-8b03-d93beb2d89e3,ORL,MIA,5,10.4,3.9,SLOB,FGX3,-3,0,1,0,1,0,38.4934658861,Corner,null,null,null,null,MIA
0022200902,2023-02-24,1610d0fd-ca50-5e34-ad49-b71bbd27b3b0,3ddf706f-fbb9-5919-8438-9e358ffa9994,SAC,LAC,4,8.5,1.12,SLOB,FGM3,-3,3,1,1,1,1,54.6679708972,Corner,null,null,null,null,SAC
0022200058,2022-10-26,ef52893d-c8f4-5603-9c05-febbdf3d6e25,5425e955-7dc7-5d2f-ac56-2a77240b7570,CHA,NYK,5,19.2,12.9,SLOB,FGX3,-3,0,1,0,1,0,37.7400730133,ATB,null,null,null,null,NYK
0022200916,2023-02-26,b15e728c-8947-5612-9e5f-3a4e2f14d6bf,7d9bbcb2-3d8e-50d8-a31f-fd19b24d7c50,MIN,GSW,4,22.52,12.32,TO,FGX3,-3,0,1,0,1,0,46.6755489879,Corner,null,null,null,null,GSW
0022200026,2022-10-21,9c97e867-89e6-50db-9c8e-6669882154d3,91711d7d-43f8-5cb7-973d-ce9cec91d2a2,GSW,DEN,4,6.6,0,FTM,FGX,-3,0,1,0,0,0,42.4041534157,NRA,null,null,null,null,DEN
0022200616,2023-01-10,e22099b0-5be8-5ccd-923b-c4e43be34cea,27806cb9-e959-5e98-8512-47175bbe22a9,POR,ORL,4,13.66,2.38,FGORB,FGX3,-3,0,1,0,1,0,49.1374860835,Corner,null,null,null,null,ORL
0022200993,2023-03-09,efabef60-9d3a-5cff-bc7f-1db4d67fbf32,8ea26934-ba2d-5a6c-9ff0-9058c9a26690,HOU,IND,4,15.04,7.02,SLOB,TMO,-3,0,null,null,null,null,null,null,null,null,null,null,IND
0022200969,2023-03-05,b3cf54a4-1b23-5cd0-a0f4-7071c1f62976,ca1611e9-d6a4-553f-a754-3e18228f5bad,BOS,NYK,4,16.2,12.98,SLOB,FGM,-3,3,1,1,0,0,65.2331335888,NRA,1,1,1,1,NYK
0022200903,2023-02-25,0b7d54cc-4c49-5b88-a91a-e7ac91a656a3,23f36c09-ac59-5813-b09b-4af5b68c075c,DET,TOR,4,11,4.14,SLOB,FOU_B,-3,1,null,null,null,null,null,null,1,0,2,0,TOR
0022200795,2023-02-04,950e7440-2032-5f72-bb56-a3ff4e3f2fcb,5b383867-c3d1-5942-b6af-ab14ce26cecc,LAC,NYK,4,5.68,0,FGORB,FGM3,-3,3,1,1,1,1,43.7982522683,ATB,null,null,null,null,LAC
0022200393,2022-12-10,02392417-c9db-565a-91c6-1c51efe7d26f,0b99f65c-7753-5763-970b-088ec9b23419,UTA,DEN,4,9.6,1.66,FTM,FGX3,-3,0,1,0,1,0,28.3568139338,ATB,null,null,null,null,DEN
0022200558,2023-01-02,95fbdb12-335e-593c-a7a4-19a7daff739d,7a0ddaf5-2745-5c26-9962-5b84bc4ce748,GSW,ATL,4,2.88,0.68,FGORB,FGM3,-3,3,1,1,1,1,52.1314505439,ATB,null,null,null,null,GSW
0022200786,2023-02-03,58d5a808-1c90-50b7-8c19-81d40481f7af,997b0015-534a-5651-b64b-da8b5df14ed9,SAC,IND,4,20.76,8.72,FGDRB,FGX3,-3,0,1,0,1,0,37.4000596218,ATB,null,null,null,null,IND
0022200766,2023-01-31,826d35ca-db92-5e9d-9548-1532202f69d1,cfbd5842-f44a-5976-bb55-defd87017503,CHI,LAC,4,10.8,9.54,FTM,TO,-3,0,null,null,null,null,null,null,null,null,null,null,LAC
0022200225,2022-11-18,e30f7f1e-3f64-5f91-bc9f-2a8a3a799923,a02242cd-56c0-5adb-be0c-0302dfc983bf,CLE,CHA,5,22.5,16.92,SLOB,FGX3,-3,0,1,0,1,0,33.0784163082,ATB,null,null,null,null,CLE
0022200018,2022-10-21,9680de04-e157-5e39-93d0-aa165d73ac6a,d9a02c41-1684-5d9f-97c9-36ef64839b71,IND,SAS,4,3.84,0,SLOB,FGX3,-3,0,1,0,1,0,30.921003793,ATB,null,null,null,null,SAS
0022200447,2022-12-18,e3e9410a-7dc1-5eee-b254-260012eb091b,4d62761b-8d27-50ed-8ec0-87444dc91ac7,DET,BKN,4,9.3,1.92,FTM,FGX3,-3,0,1,0,1,0,27.1659267347,ATB,null,null,null,null,BKN
0022200630,2023-01-12,166138eb-3caa-5433-8bc2-c71c19012eed,7631b2e2-bb82-5aae-974a-83aaf2165d07,DAL,LAL,4,11.8,6.02,SLOB,FGM3,-3,3,1,1,1,1,38.7105462821,ATB,null,null,null,null,DAL
0022200889,2023-02-23,e67eac94-8c96-5d63-bdcb-318072120101,94692c60-7372-53f8-b331-293a89e0ad14,MEM,PHI,4,6.5,3.8,SLOB,FGX3,-3,0,1,0,1,0,27.0421127872,ATB,null,null,null,null,PHI
0022200913,2023-02-26,691bd368-36f5-5079-80b0-f2d8bf8b1156,7c4cb3af-4976-5904-bf11-0570ee9a48f3,DAL,LAL,4,18.1,17.44,SLOB,TO,-3,0,null,null,null,null,null,null,null,null,null,null,LAL
0022200749,2023-01-28,fffbddcb-f0a4-5456-bf5e-597de76a85f9,f6b15504-7db1-5987-aa21-f2d38ac78fe5,BOS,LAL,4,14.8,6.02,FTM,FGX3,-3,0,1,0,1,0,52.3955067515,Corner,null,null,null,null,BOS
0022200987,2023-03-08,03370d1d-20a8-5032-83be-7199e5736e83,e3c0709a-128f-51a8-946a-bf9ea826ca59,MIA,CLE,4,19.76,5.28,FTDRB,FGX3,-3,0,1,0,1,0,42.2504651041,ATB,null,null,null,null,CLE
0022200619,2023-01-11,309b3974-eefd-5732-9351-7ccfb0c698a7,9c85f9da-5f44-5bb5-940c-242c4d4cb652,CHI,WAS,4,5.7,1.4,SLOB,FGX,-3,0,1,0,0,0,36.5351917191,Mid,null,null,null,null,WAS
0022201015,2023-03-12,1ef8bcd4-092b-56ea-8dc8-b377603364e0,f03c94ea-dbe9-52d6-b8a5-712b1f397d26,CHA,CLE,4,10.7,7.04,FTM,FGX3,-3,0,1,0,1,0,39.3703341079,ATB,null,null,null,null,CLE
0022201121,2023-03-26,fe95bed8-a7e7-5655-9d0b-0dbc470e1e57,93819632-f0a9-5de5-9537-55cd912a843e,GSW,MIN,4,2,0,SLOB,FGX3,-3,0,1,0,1,0,42.2210725536,Corner,null,null,null,null,MIN
0022200569,2023-01-04,346fe300-6e9d-5f26-8f81-64929027d5d5,1ede66fd-1f2e-599a-83ca-7a86d97997f1,TOR,MIL,5,10.8,1.94,SLOB,FGX3,-3,0,1,0,1,0,39.3349542661,ATB,null,null,null,null,MIL
0022200983,2023-03-07,4e8c6d39-4db6-55e9-81f1-c35ab488d14c,80043917-077d-5221-b3f5-d6fb49400073,UTA,DAL,4,6.68,3.8,DEFOB,FOU_B,-3,1,null,null,null,null,null,null,1,0,2,0,DAL
0022200328,2022-12-02,1f8b6cc9-e310-515e-a68a-4a488817f62a,8454c7bb-90f6-5d76-bf22-7f438f3d3bd7,BOS,MIA,4,5.1,1.64,SLOB,FGM3,-3,3,null,null,null,null,null,null,null,null,null,null,MIA
0022200575,2023-01-04,f70d81b1-852f-56a5-9aec-b97c47859cbc,447aed13-e6de-5d06-a641-6c5b87535e67,SAC,ATL,4,16.8,11.1,SLOB,FGX,-3,0,1,0,0,0,47.2093916359,NRA,null,null,null,null,ATL
0022201001,2023-03-10,96830530-99d4-5990-8d74-b06210807b5e,a594602a-6ece-59ac-87a1-b9c7e026fd98,MIN,BKN,4,1.5,0,SLOB,FGM3,-3,3,1,1,1,1,32.1264115791,ATB,null,null,null,null,BKN
0022200573,2023-01-04,b30865df-057a-5ea9-a122-bc907337b424,17beb1a6-099b-5dd9-bfb4-788267abeb4c,GSW,DET,4,4.2,1.1,SLOB,FGM3,-3,3,1,1,1,1,38.609091887,ATB,null,null,null,null,DET
0022200616,2023-01-10,e22099b0-5be8-5ccd-923b-c4e43be34cea,86f63995-8985-5c10-a6eb-e6214f5aa44c,POR,ORL,4,2.38,0,FGORB,FGX3,-3,0,null,null,null,null,null,null,null,null,null,null,ORL
0022200225,2022-11-18,e30f7f1e-3f64-5f91-bc9f-2a8a3a799923,8e349fa9-919f-5e79-8463-08c7c87fbde3,CLE,CHA,5,16.92,13.16,FGORB,FGM3,-3,3,1,1,1,1,54.3102392807,ATB,null,null,null,null,CLE
0022100977,2022-03-08,e34d8cfb-5b5c-51b6-a922-6f6fbf23be00,aca3dec9-6779-5a83-b32d-ffb05d3f65f2,ORL,PHX,4,6.9,5.48,SLOB,FGX3,-3,0,1,0,1,0,32.7327979002,ATB,null,null,null,null,PHX
0022200241,2022-11-20,4928f7af-a8ef-5726-928f-a7ab46a2e6d3,ff71b512-111e-5eb5-a8b7-313f7545d963,CHA,WAS,4,8.4,5.58,SLOB,FGM,-3,2,1,1,0,0,63.0735857048,RA,null,null,null,null,WAS
0022200488,2022-12-23,36d28f55-331c-549f-963f-8d58e122de66,730a32e9-490c-5329-b355-b39530ba8ee3,OKC,NOP,5,8.7,6.32,BLOB,FGX,-3,0,1,0,0,0,44.0799831762,NRA,null,null,null,null,NOP
0022200743,2023-01-28,bb5bd257-b712-5bf8-ad73-5b9766a53351,b7eda772-ff66-515b-a3af-fbb9c46518e7,DET,HOU,4,18.5,9.52,FTM,FGM,-3,2,1,1,0,0,48.6000664701,NRA,null,null,null,null,HOU
0022200879,2023-02-15,52ef83ce-b176-55bf-a534-7b259b0d2024,f59df444-d11b-5679-b0bd-5b274cad7666,UTA,MEM,4,23.96,13.6,FGDRB,TO,-3,0,null,null,null,null,null,null,null,null,null,null,MEM
0022200902,2023-02-24,a71dc042-836f-506a-b59a-61ff336b8c33,bd26f314-17db-57df-b849-cd0bdb9cbc40,SAC,LAC,4,15.2,9.98,SLOB,FGM,-3,2,1,1,0,0,63.5455227318,RA,null,null,null,null,SAC
0022201210,2023-04-07,674ae62e-e199-5602-ac47-39087ef798a9,171a6715-9afe-5bbb-b7a2-4e1d9684c2b0,DAL,CHI,4,17.8,9.22,FTDRB,FGX3,-3,0,1,0,1,0,27.059975132,ATB,null,null,null,null,CHI
0022201180,2023-04-04,641c05e0-5076-5064-9f6f-543f753cda01,be3bc406-af53-5fdb-bb28-0ee2d3b4253d,BKN,MIN,4,12.64,8.78,SLOB,FGX3,-3,0,1,0,1,0,14.7501845806,ATB,null,null,null,null,MIN
0022201225,2023-04-09,ae5ce2dc-3761-5e47-9428-1889f8c904bf,d8cdd10b-5d26-53c7-a089-7637202dc672,NOP,MIN,4,15.2,10.72,SLOB,FGX,-3,0,1,0,0,0,61.719738966,RA,null,null,null,null,MIN
0022200257,2022-11-22,7a2fb648-b81a-5de1-9483-df4b012441f7,d7d14787-196c-530e-9d7c-45a88f31a032,MEM,SAC,4,3.9,1.72,SLOB,FOU_S,-3,1,0,0,0,0,null,Corner,1,1,3,3,SAC
0022200424,2022-12-15,dded042f-0a95-5e7d-8710-c4213c0ca7c5,cd7691f3-0402-5d69-a971-123fde35ed1b,HOU,MIA,4,12.7,2.08,SLOB,FGX3,-3,0,1,0,1,0,41.911457418,ATB,null,null,null,null,MIA
0022200963,2023-03-05,ee096cfd-004a-5841-ae65-bcf6955d8ba9,0c02a1ee-0fe8-594b-ae96-903d258a15fe,CHI,IND,4,2.7,0.6,SLOB,FGX3,-3,0,1,0,1,0,30.0742666347,ATB,null,null,null,null,IND
0022200166,2022-11-09,54319987-bfcb-5347-baaf-b10b53ed9aeb,6796a6a6-c407-5232-95e6-b8ab3dac59c3,CHI,NOP,4,18.7,17.44,SLOB,TO,-3,0,null,null,null,null,null,null,null,null,null,null,NOP
0022200160,2022-11-09,b049ae8e-8cbe-5e45-9fe8-46497af9ebbd,8834b321-8f87-5b70-9f71-c682715642b9,IND,DEN,4,8.66,0,FGDRB,FGX3,-3,0,1,0,1,0,17.448646544,ATB,null,null,null,null,DEN
0022200846,2023-02-11,51365e90-aa37-5c71-a2d9-7b332aec906d,c6c0bd39-4460-54ea-85c2-6042895e62be,BKN,PHI,4,0.9,0,SLOB,EPD,-3,0,null,null,null,null,null,null,null,null,null,null,PHI
0022200426,2022-12-15,ddd01745-51f6-5de8-8167-f4162a90a999,8feb73a2-1097-5e6c-97a1-06d31f49ae2b,NOP,UTA,4,8.9,2.1,FGORB,FGM3,-3,3,1,1,1,1,37.1735748997,Corner,null,null,null,null,UTA
